datetime,ts_code,open,high,low,close,pre_close,change,pct_chg,volume,amount
2018-01-02,000001.SZ,12.7803,13.3355,12.7516,13.1153,12.7324,0.38289999999999935,3.0073,2081592.55,2856543.822
2018-01-03,000001.SZ,13.1441,13.2685,12.6367,12.7611,13.1153,-0.35419999999999874,-2.7007,2962498.38,4006220.766
2018-01-04,000001.SZ,12.7516,12.7994,12.5697,12.6846,12.7611,-0.07650000000000112,-0.5995,1854509.48,2454543.516
2018-01-05,000001.SZ,12.6463,12.7803,12.5888,12.7324,12.6846,0.04780000000000051,0.3768,1210312.72,1603289.517
2018-01-08,000001.SZ,12.6846,12.7228,12.3112,12.4069,12.7324,-0.3254999999999999,-2.5565,2158620.81,2806099.169
2018-01-09,000001.SZ,12.4069,12.6367,12.3686,12.5218,12.4069,0.11490000000000045,0.9261,1344345.09,1754315.792
2018-01-10,000001.SZ,12.4835,12.9143,12.3686,12.8952,12.5218,0.3734000000000002,2.982,2403277.36,3196055.83
2018-01-11,000001.SZ,12.8377,13.01,12.7037,12.8282,12.8952,-0.06700000000000017,-0.5196,1443877.81,1937494.294
2018-01-12,000001.SZ,12.876,13.0962,12.8377,12.9718,12.8282,0.14359999999999928,1.1194,1353991.4,1833435.672
2018-01-15,000001.SZ,12.9335,13.7185,12.9239,13.594,12.9718,0.6221999999999994,4.7966,3122394.48,4376707.088
2018-01-16,000001.SZ,13.5653,13.7663,13.4217,13.594,13.594,0.0,0.0,2444549.0,3479177.087
2018-01-17,000001.SZ,13.7185,14.1684,13.594,13.6227,13.594,0.028700000000000614,0.2111,2656294.01,3849312.882
2018-01-18,000001.SZ,13.7855,14.0918,13.6706,14.0918,13.6227,0.4690999999999992,3.4435,2148026.8,3120455.742
2018-01-19,000001.SZ,14.1684,14.4843,14.0535,14.1684,14.0918,0.07660000000000089,0.5436,2571146.69,3832857.44
2018-01-22,000001.SZ,13.9769,14.3024,13.8142,13.8238,14.1684,-0.3445999999999998,-2.4322,2073867.14,3032799.07
2018-01-23,000001.SZ,13.7472,14.2641,13.7185,14.0248,13.8238,0.2010000000000005,1.454,2388791.7,3492462.005
2018-01-24,000001.SZ,14.0344,14.4365,13.8812,14.0152,14.0248,-0.009600000000000719,-0.0685,2591292.12,3838734.922
2018-01-25,000001.SZ,13.8333,13.8525,13.4025,13.594,14.0152,-0.4212000000000007,-3.0053,2369984.59,3360822.344
2018-01-26,000001.SZ,13.5749,13.728,13.4217,13.4504,13.594,-0.14359999999999928,-1.0563,2032988.65,2885104.627
2018-01-29,000001.SZ,13.4504,13.6419,13.0196,13.1536,13.4504,-0.2967999999999993,-2.2066,2090546.68,2911452.095
2018-01-30,000001.SZ,13.1153,13.2494,12.9718,13.0675,13.1536,-0.08610000000000007,-0.6546,1094739.86,1497708.872
2018-01-31,000001.SZ,13.0196,13.4504,12.9526,13.4504,13.0675,0.38289999999999935,2.9302,1747729.14,2423104.767
2018-02-01,000001.SZ,13.3547,13.6897,13.2494,13.4313,13.4504,-0.019099999999999895,-0.142,2005614.75,2821583.609
2018-02-02,000001.SZ,13.3164,13.4983,13.0483,13.4504,13.4313,0.019099999999999895,0.1422,1176512.71,1637619.618
2018-02-05,000001.SZ,13.2111,13.9482,13.1441,13.9291,13.4504,0.4786999999999999,3.559,2331997.9,3326355.314
2018-02-06,000001.SZ,13.6227,13.7185,13.3355,13.4025,13.9291,-0.5266000000000002,-3.7806,2582872.04,3641294.71
2018-02-07,000001.SZ,13.6132,13.6897,12.2155,12.3686,13.4025,-1.0338999999999992,-7.7142,3345716.97,4521586.59
2018-02-08,000001.SZ,12.2825,12.3686,11.9953,12.0049,12.3686,-0.36370000000000147,-2.9405,2137815.06,2711464.886
2018-02-09,000001.SZ,11.5645,11.5645,10.8944,11.1911,12.0049,-0.8137999999999987,-6.7789,2824949.75,3308553.501
2018-02-12,000001.SZ,11.2773,11.3347,11.0667,11.2198,11.1911,0.028699999999998838,0.2565,1228782.44,1439644.312
2018-02-13,000001.SZ,11.3634,11.6889,11.3347,11.4305,11.2198,0.210700000000001,1.8779,1298178.69,1562420.005
2018-02-14,000001.SZ,11.4496,11.5166,11.2581,11.4879,11.4305,0.05739999999999945,0.5022,864190.24,1030474.41
2018-02-22,000001.SZ,11.7272,11.9953,11.7272,11.9283,11.4879,0.44040000000000035,3.8336,1268406.07,1573562.575
2018-02-23,000001.SZ,12.0431,12.2442,11.9187,12.0719,11.9283,0.14359999999999928,1.2039,1013663.2,1278185.721
2018-02-26,000001.SZ,12.225,12.3016,11.9187,12.091,12.0719,0.019099999999999895,0.1582,1045758.74,1318960.463
2018-02-27,000001.SZ,12.1006,12.158,11.6698,11.7559,12.091,-0.33509999999999884,-2.7715,1285869.06,1590018.492
2018-02-28,000001.SZ,11.5836,11.6698,11.4209,11.5358,11.7559,-0.2201000000000004,-1.8723,1214145.59,1463313.702
2018-03-01,000001.SZ,11.4113,11.6315,11.3922,11.5262,11.5358,-0.009600000000000719,-0.0832,886957.18,1069354.491
2018-03-02,000001.SZ,11.4113,11.5262,11.3443,11.44,11.5262,-0.08619999999999983,-0.7479,663124.16,791736.473
2018-03-05,000001.SZ,11.4209,11.5645,11.2964,11.3539,11.44,-0.08610000000000007,-0.7526,754183.13,897244.265
2018-03-06,000001.SZ,11.44,11.5932,11.2677,11.5836,11.3539,0.22970000000000113,2.0231,1150162.49,1373438.382
2018-03-07,000001.SZ,11.6315,11.8134,11.5262,11.5358,11.5836,-0.04780000000000051,-0.4127,1427570.32,1744085.27
2018-03-08,000001.SZ,11.5358,11.6315,11.44,11.5932,11.5358,0.05739999999999945,0.4976,689755.03,832153.697
2018-03-09,000001.SZ,11.6315,11.6794,11.4688,11.5741,11.5932,-0.019099999999999895,-0.1648,943876.97,1139043.574
2018-03-12,000001.SZ,11.6315,11.6506,11.44,11.5166,11.5741,-0.05749999999999922,-0.4968,1268701.32,1526643.478
2018-03-13,000001.SZ,11.5262,11.6985,11.4879,11.507,11.5166,-0.009600000000000719,-0.0834,1082267.32,1309543.466
2018-03-14,000001.SZ,11.4688,11.4879,11.3252,11.4113,11.507,-0.09569999999999901,-0.8317,635594.13,757090.756
2018-03-15,000001.SZ,11.2869,11.3443,11.1624,11.2103,11.4113,-0.2010000000000005,-1.7614,1155694.73,1356878.634
2018-03-16,000001.SZ,11.2198,11.3443,11.1433,11.1433,11.2103,-0.06700000000000017,-0.5977,962983.38,1130784.17
2018-03-19,000001.SZ,11.1624,11.3347,11.1145,11.3252,11.1433,0.18190000000000062,1.6324,808538.72,947664.744
2018-03-20,000001.SZ,11.239,11.373,11.2198,11.3156,11.3252,-0.009600000000000719,-0.0848,776150.02,916858.475
2018-03-21,000001.SZ,11.44,11.6028,11.3443,11.3922,11.3156,0.07660000000000089,0.6769,1445109.51,1736437.401
2018-03-22,000001.SZ,11.3922,11.4592,11.1241,11.1624,11.3922,-0.2298000000000009,-2.0172,984278.42,1155741.055
2018-03-23,000001.SZ,10.7699,10.8656,10.454,10.8561,11.1624,-0.30630000000000024,-2.744,1825690.75,2037734.4
2018-03-26,000001.SZ,10.6742,10.722,10.3965,10.4636,10.8561,-0.39250000000000007,-3.6155,1383598.51,1519435.011
2018-03-27,000001.SZ,10.6263,10.6933,10.3965,10.4731,10.4636,0.009500000000000952,0.0908,1103933.61,1213989.931
2018-03-28,000001.SZ,10.387,10.6646,10.3295,10.4253,10.4731,-0.04780000000000051,-0.4564,1099023.39,1201023.442
2018-03-29,000001.SZ,10.454,10.6933,10.0998,10.5784,10.4253,0.15310000000000024,1.4685,1330602.38,1445281.829
2018-03-30,000001.SZ,10.5689,10.5784,10.4157,10.4348,10.5784,-0.14360000000000106,-1.3575,752173.68,823438.18
2018-04-02,000001.SZ,10.4061,10.521,10.2434,10.2529,10.4348,-0.18189999999999884,-1.7432,1109316.43,1200911.98
2018-04-03,000001.SZ,10.1476,10.2147,10.0615,10.1093,10.2529,-0.14360000000000106,-1.4006,890745.65,942237.8
2018-04-04,000001.SZ,10.2242,10.5401,10.1476,10.4061,10.1093,0.29680000000000106,2.9359,1602488.73,1737258.898
2018-04-09,000001.SZ,10.3391,10.6263,10.2721,10.5497,10.4061,0.14359999999999928,1.38,1074795.76,1180084.371
2018-04-10,000001.SZ,10.5497,10.9709,10.5019,10.9326,10.5497,0.38290000000000113,3.6295,1390950.79,1562265.089
2018-04-11,000001.SZ,10.9039,11.4113,10.8944,11.3252,10.9326,0.39259999999999984,3.5911,2095970.45,2458982.163
2018-04-12,000001.SZ,11.2964,11.3252,10.9326,11.0284,11.3252,-0.29680000000000106,-2.6207,1173128.18,1364675.848
2018-04-13,000001.SZ,11.1433,11.2869,10.9614,11.0762,11.0284,0.04780000000000051,0.4334,1300255.97,1516155.527
2018-04-16,000001.SZ,10.9805,10.9805,10.5593,10.6263,11.0762,-0.4498999999999995,-4.0619,1427072.81,1593706.086
2018-04-17,000001.SZ,10.6455,10.9614,10.6359,10.7316,10.6263,0.10529999999999973,0.9909,1301891.72,1468159.349
2018-04-18,000001.SZ,10.9614,11.1145,10.7986,11.0092,10.7316,0.2775999999999996,2.5868,1475845.33,1692722.923
2018-04-19,000001.SZ,11.0284,11.1911,10.9326,10.9805,11.0092,-0.028700000000000614,-0.2607,849131.83,979593.564
2018-04-20,000001.SZ,11.0188,11.0858,10.722,10.8656,10.9805,-0.11489999999999867,-1.0464,958690.66,1090801.311
2018-04-23,000001.SZ,10.8178,11.1145,10.7795,11.0762,10.8656,0.21059999999999945,1.9382,1070289.35,1228544.006
2018-04-24,000001.SZ,11.1337,11.4305,11.0858,11.3539,11.0762,0.2776999999999994,2.5072,1461098.8,1725152.198
2018-04-25,000001.SZ,11.2581,11.306,11.1337,11.1816,11.3539,-0.1722999999999999,-1.5175,730286.48,854713.248
2018-04-26,000001.SZ,11.1624,11.1911,10.8273,10.9326,11.1816,-0.24899999999999878,-2.2269,874235.91,1002483.154
2018-04-27,000001.SZ,10.9997,11.0188,10.1764,10.387,10.9326,-0.5456000000000003,-4.9906,2709795.68,2958464.277
2018-05-02,000001.SZ,10.5019,10.5593,10.3391,10.4157,10.387,0.028699999999998838,0.2763,1190523.18,1295804.42
2018-05-03,000001.SZ,10.3965,10.4157,10.1189,10.2912,10.4157,-0.12449999999999939,-1.1953,1281355.57,1372765.845
2018-05-04,000001.SZ,10.2721,10.3678,10.2051,10.2242,10.2912,-0.06700000000000017,-0.651,710509.52,761302.468
2018-05-07,000001.SZ,10.2434,10.3678,10.1859,10.3487,10.2242,0.12449999999999939,1.2177,974309.67,1046743.101
2018-05-08,000001.SZ,10.3678,10.6742,10.3391,10.5401,10.3487,0.19140000000000157,1.8495,1373305.68,1511546.681
2018-05-09,000001.SZ,10.5114,10.5593,10.4157,10.5019,10.5401,-0.038200000000001566,-0.3624,627656.13,687036.874
2018-05-10,000001.SZ,10.5593,10.6167,10.4444,10.5401,10.5019,0.038200000000001566,0.3637,552735.88,607349.997
2018-05-11,000001.SZ,10.5689,10.655,10.4923,10.5401,10.5401,0.0,0.0,772369.66,853271.166
2018-05-14,000001.SZ,10.6167,10.7508,10.5593,10.7029,10.5401,0.16279999999999895,1.5446,1039297.16,1158064.201
2018-05-15,000001.SZ,10.7029,10.7125,10.5497,10.6455,10.7029,-0.05739999999999945,-0.5363,669261.44,742590.447
2018-05-16,000001.SZ,10.5976,10.5976,10.4253,10.4348,10.6455,-0.210700000000001,-1.9792,714362.08,782694.669
2018-05-17,000001.SZ,10.4444,10.4731,10.32,10.3583,10.4348,-0.07649999999999935,-0.7331,586494.38,635675.44
2018-05-18,000001.SZ,10.3487,10.5019,10.3008,10.4923,10.3583,0.13400000000000034,1.2936,578384.77,628250.184
2018-05-21,000001.SZ,10.5976,10.6359,10.4636,10.4827,10.4923,-0.009600000000000719,-0.0915,763533.57,838750.577
2018-05-22,000001.SZ,10.4827,10.5114,10.3295,10.3965,10.4827,-0.08619999999999983,-0.8223,589871.85,639815.249
2018-05-23,000001.SZ,10.3583,10.3583,10.1668,10.1955,10.3965,-0.2010000000000005,-1.9333,991016.29,1058587.812
2018-05-24,000001.SZ,10.2051,10.2242,10.1285,10.1572,10.1955,-0.03829999999999956,-0.3757,688152.02,730678.763
2018-05-25,000001.SZ,10.1572,10.2147,10.0998,10.1381,10.1572,-0.019099999999999895,-0.188,593335.67,629735.45
2018-05-28,000001.SZ,10.1285,10.2051,10.0615,10.1381,10.1381,0.0,0.0,569400.92,602590.746
2018-05-29,000001.SZ,10.1285,10.1764,9.9083,9.937,10.1381,-0.20110000000000028,-1.9836,889494.97,930386.966
2018-05-30,000001.SZ,9.8509,9.8509,9.6211,9.6498,9.937,-0.28719999999999857,-2.8902,1124447.04,1139918.753
2018-05-31,000001.SZ,9.6786,9.7551,9.5924,9.7456,9.6498,0.09579999999999878,0.9928,987360.38,999216.332
2018-06-01,000001.SZ,9.7168,9.8509,9.6403,9.7551,9.7456,0.009500000000000952,0.0975,597211.16,608398.867
2018-06-04,000001.SZ,9.7934,9.87,9.7168,9.8317,9.7551,0.07659999999999911,0.7852,593038.35,608291.978
2018-06-05,000001.SZ,9.8509,9.8604,9.6786,9.8222,9.8317,-0.009499999999999176,-0.0966,656540.75,670740.302
2018-06-06,000001.SZ,9.8126,9.8222,9.669,9.7073,9.8222,-0.11490000000000045,-1.1698,712743.41,724032.796
2018-06-07,000001.SZ,9.7647,10.0136,9.7456,9.9275,9.7073,0.22020000000000017,2.2684,1262638.2,1306425.478
2018-06-08,000001.SZ,9.8892,9.8892,9.6307,9.6881,9.9275,-0.23939999999999984,-2.4115,1099379.82,1114968.856
2018-06-11,000001.SZ,9.6307,9.6977,9.5732,9.6115,9.6881,-0.07660000000000089,-0.7907,721374.98,724687.998
2018-06-12,000001.SZ,9.602,9.6498,9.5254,9.6307,9.6115,0.019199999999999662,0.1998,913300.72,914001.701
2018-06-13,000001.SZ,9.6115,9.6307,9.5254,9.5254,9.6307,-0.10529999999999973,-1.0934,530584.31,530483.756
2018-06-14,000001.SZ,9.5254,9.7168,9.4967,9.6403,9.5254,0.11490000000000045,1.2062,866392.01,872487.574
2018-06-15,000001.SZ,9.6498,9.8509,9.6307,9.736,9.6403,0.09570000000000078,0.9927,1248707.88,1273412.999
2018-06-19,000001.SZ,9.6211,9.7168,9.4009,9.4488,9.736,-0.28720000000000034,-2.9499,1565874.47,1565756.559
2018-06-20,000001.SZ,9.4488,9.5254,9.3435,9.4871,9.4488,0.03829999999999956,0.4053,763637.31,752950.7
2018-06-21,000001.SZ,9.5062,9.6115,9.4392,9.4392,9.4871,-0.047900000000000276,-0.5049,840070.77,836014.838
2018-06-22,000001.SZ,9.3818,9.4488,9.3531,9.4296,9.4392,-0.009599999999998943,-0.1017,657818.51,645752.909
2018-06-25,000001.SZ,9.4871,9.4967,8.9797,9.0563,9.4296,-0.3733000000000004,-3.9588,1195212.6,1154559.08
2018-06-26,000001.SZ,8.9893,9.0371,8.7021,8.9606,9.0563,-0.09570000000000078,-1.0567,1124156.94,1042528.543
2018-06-27,000001.SZ,8.9127,8.9989,8.6446,8.7021,8.9606,-0.25849999999999973,-2.8849,1045142.68,958871.648
2018-06-28,000001.SZ,8.5681,8.6925,8.4915,8.5393,8.7021,-0.16279999999999895,-1.8708,1110764.03,996801.234
2018-06-29,000001.SZ,8.6255,8.7404,8.5776,8.7021,8.5393,0.16279999999999895,1.9065,675299.68,611346.088
2018-07-02,000001.SZ,8.6638,8.6638,8.1851,8.2426,8.7021,-0.45950000000000024,-5.2803,1315520.13,1158545.868
2018-07-03,000001.SZ,8.3192,8.3287,8.0894,8.3,8.2426,0.05740000000000123,0.6964,1274838.57,1096657.033
2018-07-04,000001.SZ,8.2617,8.3766,8.2426,8.2426,8.3,-0.05740000000000123,-0.6916,711153.37,617278.559
2018-07-05,000001.SZ,8.2521,8.3574,8.1851,8.233,8.2426,-0.009599999999998943,-0.1165,835768.77,722169.579
2018-07-06,000001.SZ,8.2426,8.4053,8.0894,8.2904,8.233,0.05739999999999945,0.6972,988282.69,852071.526
2018-07-09,000001.SZ,8.3192,8.6446,8.3096,8.6446,8.2904,0.3542000000000005,4.2724,1409954.6,1255007.609
2018-07-10,000001.SZ,8.6351,8.6351,8.5106,8.5968,8.6446,-0.04780000000000051,-0.5529,896862.02,803038.965
2018-07-11,000001.SZ,8.3862,8.4532,8.3096,8.4053,8.5968,-0.19149999999999956,-2.2276,851296.7,744765.824
2018-07-12,000001.SZ,8.3664,8.7263,8.3469,8.6387,8.4053,0.2333999999999996,2.7768,1140492.31,1008658.828
2018-07-13,000001.SZ,8.6777,8.6971,8.5804,8.6387,8.6387,0.0,0.0,603378.21,535401.175
2018-07-16,000001.SZ,8.6096,8.6582,8.4539,8.4928,8.6387,-0.14589999999999925,-1.6889,689845.58,603427.713
2018-07-17,000001.SZ,8.5025,8.5123,8.4247,8.4831,8.4928,-0.009700000000000486,-0.1142,375356.33,326396.994
2018-07-18,000001.SZ,8.5123,8.6096,8.4539,8.4636,8.4831,-0.01950000000000074,-0.2299,525152.77,460697.377
2018-07-19,000001.SZ,8.5123,8.5706,8.4539,8.4928,8.4636,0.029200000000001225,0.345,461372.39,403674.308
2018-07-20,000001.SZ,8.4928,8.9501,8.3761,8.8625,8.4928,0.3696999999999999,4.3531,1754277.4,1576843.937
2018-07-23,000001.SZ,8.7944,9.1933,8.7555,9.1641,8.8625,0.30159999999999876,3.4031,1781688.26,1646028.021
2018-07-24,000001.SZ,9.1349,9.3295,9.0765,9.1446,9.1641,-0.019499999999998963,-0.2128,1425894.16,1348746.826
2018-07-25,000001.SZ,9.1835,9.2127,9.0765,9.1252,9.1446,-0.019400000000000972,-0.2121,614122.81,575752.176
2018-07-26,000001.SZ,9.1446,9.2224,8.9598,8.9987,9.1252,-0.12650000000000006,-1.3863,833358.15,778429.753
2018-07-27,000001.SZ,9.0473,9.1057,8.9306,8.9987,8.9987,0.0,0.0,515126.03,477527.419
2018-07-30,000001.SZ,9.0668,9.2322,9.0084,9.1349,8.9987,0.13620000000000054,1.5136,706385.97,661767.547
2018-07-31,000001.SZ,9.1154,9.2322,8.9987,9.1641,9.1349,0.02919999999999945,0.3197,720150.8,674484.65
2018-08-01,000001.SZ,9.1641,9.2419,8.8625,8.9014,9.1641,-0.2626999999999988,-2.8666,814081.68,759282.229
2018-08-02,000001.SZ,8.882,8.9014,8.6387,8.6971,8.9014,-0.20429999999999993,-2.2951,931401.28,839272.254
2018-08-03,000001.SZ,8.6874,8.8528,8.6679,8.6679,8.6971,-0.029200000000001225,-0.3357,476546.62,428641.526
2018-08-06,000001.SZ,8.6971,8.8625,8.6485,8.6971,8.6679,0.029200000000001225,0.3369,554010.08,497906.686
2018-08-07,000001.SZ,8.7166,8.9209,8.6387,8.9209,8.6971,0.2237999999999989,2.5733,690423.19,624359.656
2018-08-08,000001.SZ,8.9111,8.9111,8.7944,8.8041,8.9209,-0.11679999999999957,-1.3093,578953.16,527526.989
2018-08-09,000001.SZ,8.7944,9.096,8.7749,9.0376,8.8041,0.23349999999999937,2.6522,806783.77,746469.808
2018-08-10,000001.SZ,9.0473,9.0668,8.9111,8.9792,9.0376,-0.0583999999999989,-0.6462,424168.36,391366.341
2018-08-13,000001.SZ,8.8722,8.9111,8.6582,8.8041,8.9792,-0.17510000000000048,-1.9501,818491.12,736947.79
2018-08-14,000001.SZ,8.7847,8.7944,8.6971,8.7555,8.8041,-0.04860000000000042,-0.552,430240.36,386334.617
2018-08-15,000001.SZ,8.7749,8.7749,8.5123,8.5512,8.7555,-0.20429999999999993,-2.3334,670442.85,594759.517
2018-08-16,000001.SZ,8.4928,8.6485,8.4053,8.5415,8.5512,-0.009700000000000486,-0.1134,638272.55,559523.123
2018-08-17,000001.SZ,8.6387,8.6971,8.5415,8.5706,8.5415,0.029100000000001458,0.3407,649476.56,576683.267
2018-08-20,000001.SZ,8.6582,8.7749,8.629,8.7555,8.5706,0.18489999999999895,2.1574,681322.06,609934.725
2018-08-21,000001.SZ,8.7749,9.0084,8.7652,8.9792,8.7555,0.2237000000000009,2.555,1264474.47,1163292.795
2018-08-22,000001.SZ,8.989,9.0862,8.882,9.0376,8.9792,0.0583999999999989,0.6504,982433.98,909598.743
2018-08-23,000001.SZ,9.0473,9.1641,8.9792,9.1057,9.0376,0.06810000000000116,0.7535,729074.62,680941.392
2018-08-24,000001.SZ,9.0571,10.0007,9.0376,9.7575,9.1057,0.6517999999999997,7.1582,3040408.39,2995071.976
2018-08-27,000001.SZ,9.7478,10.1466,9.6991,10.1466,9.7575,0.3890999999999991,3.9877,2218424.22,2251527.721
2018-08-28,000001.SZ,10.0591,10.1466,9.9618,10.0104,10.1466,-0.13619999999999877,-1.3423,1289777.24,1331917.86
2018-08-29,000001.SZ,9.9715,10.0494,9.8742,9.991,10.0104,-0.019400000000000972,-0.1938,901883.49,923581.546
2018-08-30,000001.SZ,9.991,10.0688,9.8061,9.8451,9.991,-0.14589999999999925,-1.4603,994917.73,1013877.514
2018-08-31,000001.SZ,9.8548,10.0396,9.8256,9.8548,9.8451,0.00969999999999871,0.0985,1310865.24,1337898.869
2018-09-03,000001.SZ,9.8159,10.0202,9.8159,9.9132,9.8548,0.058400000000000674,0.5926,711695.67,725303.291
2018-09-04,000001.SZ,9.9229,10.2634,9.7964,10.1466,9.9132,0.2333999999999996,2.3544,1296342.08,1339756.563
2018-09-05,000001.SZ,10.0202,10.0494,9.777,9.777,10.1466,-0.36960000000000015,-3.6426,1179453.17,1202345.697
2018-09-06,000001.SZ,9.777,9.8645,9.6797,9.6991,9.777,-0.07789999999999964,-0.7968,711777.55,713975.749
2018-09-07,000001.SZ,9.7672,9.9034,9.6602,9.738,9.6991,0.038899999999999935,0.4011,809035.34,815151.722
2018-09-10,000001.SZ,9.738,9.7964,9.5727,9.6116,9.738,-0.1264000000000003,-1.298,636989.29,631174.169
2018-09-11,000001.SZ,9.631,9.7575,9.5435,9.6408,9.6116,0.029200000000001225,0.3038,712967.51,707337.57
2018-09-12,000001.SZ,9.6018,9.6991,9.5532,9.6116,9.6408,-0.029200000000001225,-0.3029,564829.16,558399.563
2018-09-13,000001.SZ,9.8159,9.8256,9.5727,9.6894,9.6116,0.07779999999999987,0.8094,999725.61,993389.97
2018-09-14,000001.SZ,9.7089,9.7089,9.5435,9.5727,9.6894,-0.1166999999999998,-1.2044,619750.19,611422.48
2018-09-17,000001.SZ,9.5337,9.5337,9.417,9.4267,9.5727,-0.14599999999999902,-1.5252,517082.33,502609.643
2018-09-18,000001.SZ,9.4657,9.8451,9.4365,9.8061,9.4267,0.3794000000000004,4.0247,1126807.42,1120867.543
2018-09-19,000001.SZ,9.7575,10.0591,9.7575,9.9618,9.8061,0.1556999999999995,1.5878,1231548.77,1257191.505
2018-09-20,000001.SZ,9.991,10.0785,9.9132,9.9521,9.9618,-0.009700000000000486,-0.0974,620348.36,636742.814
2018-09-21,000001.SZ,9.9813,10.4093,9.9034,10.3801,9.9521,0.4280000000000008,4.3006,1624518.41,1707850.487
2018-09-25,000001.SZ,10.2342,10.3898,10.1953,10.2634,10.3801,-0.1166999999999998,-1.1243,977014.7,1030715.785
2018-09-26,000001.SZ,10.3217,10.6233,10.2342,10.419,10.2634,0.15559999999999974,1.5161,1490513.43,1600626.208
2018-09-27,000001.SZ,10.3607,10.5455,10.2828,10.4482,10.419,0.02919999999999945,0.2803,880363.33,942200.398
2018-09-28,000001.SZ,10.4871,10.9638,10.4871,10.7498,10.4482,0.30160000000000053,2.8866,2110242.67,2331358.288
2018-10-08,000001.SZ,10.4093,10.4969,10.1661,10.1661,10.7498,-0.5837000000000003,-5.4299,1686358.52,1793455.283
2018-10-09,000001.SZ,10.1758,10.4093,10.1077,10.2731,10.1661,0.10699999999999932,1.0525,1064084.26,1117946.55
2018-10-10,000001.SZ,10.2536,10.3704,10.098,10.1661,10.2731,-0.10699999999999932,-1.0416,995200.08,1045666.18
2018-10-11,000001.SZ,9.777,9.884,9.4365,9.5921,10.1661,-0.5739999999999998,-5.6462,1995143.83,1994186.611
2018-10-12,000001.SZ,9.6991,10.0591,9.6018,10.0202,9.5921,0.4281000000000006,4.463,1516810.28,1532651.4
2018-10-15,000001.SZ,10.1077,10.1855,9.8159,9.8353,10.0202,-0.18490000000000073,-1.8453,1402685.3,1443043.059
2018-10-16,000001.SZ,9.8645,10.2536,9.8451,10.0883,9.8353,0.2530000000000001,2.5724,1396921.05,1450020.371
2018-10-17,000001.SZ,10.2147,10.2634,9.8645,10.0494,10.0883,-0.038899999999999935,-0.3856,1350889.83,1400306.336
2018-10-18,000001.SZ,10.0104,10.0104,9.7867,9.8159,10.0494,-0.23350000000000115,-2.3235,1001156.05,1015654.821
2018-10-19,000001.SZ,9.6797,10.4871,9.6505,10.4677,9.8159,0.6518000000000015,6.6402,2083667.32,2173571.254
2018-10-22,000001.SZ,10.5163,11.1486,10.4871,10.8471,10.4677,0.3793999999999986,3.6245,2645543.12,2932714.47
2018-10-23,000001.SZ,10.8957,10.9152,10.4385,10.5455,10.8471,-0.30159999999999876,-2.7805,1602545.92,1759265.958
2018-10-24,000001.SZ,10.6039,11.0222,10.5066,10.7401,10.5455,0.19459999999999944,1.8453,1829424.64,2026171.911
2018-10-25,000001.SZ,10.5066,10.9833,10.419,10.9833,10.7401,0.24319999999999986,2.2644,1685011.36,1855823.739
2018-10-26,000001.SZ,10.9833,11.0027,10.6622,10.8763,10.9833,-0.10699999999999932,-0.9742,1299975.1,1448843.512
2018-10-29,000001.SZ,10.8957,10.9346,10.3315,10.4579,10.8763,-0.4184000000000001,-3.8469,1591628.78,1725932.497
2018-10-30,000001.SZ,10.4871,10.779,10.4385,10.6039,10.4579,0.14599999999999902,1.3961,1501827.86,1641371.787
2018-10-31,000001.SZ,10.6525,10.6914,10.4579,10.6136,10.6039,0.009700000000000486,0.0915,1152683.79,1252156.775
2018-11-01,000001.SZ,10.6914,10.7498,10.4677,10.5358,10.6136,-0.07779999999999987,-0.733,1542776.32,1679443.449
2018-11-02,000001.SZ,10.7401,10.8568,10.5358,10.7887,10.5358,0.25290000000000035,2.4004,2212922.87,2439179.135
2018-11-05,000001.SZ,10.6525,10.7401,10.526,10.6233,10.7887,-0.1654,-1.5331,1291924.17,1409457.171
2018-11-06,000001.SZ,10.5747,10.633,10.4385,10.5455,10.6233,-0.07779999999999987,-0.7324,735725.74,795322.638
2018-11-07,000001.SZ,10.5358,10.6525,10.4579,10.5163,10.5455,-0.029200000000001225,-0.2769,785597.41,851487.053
2018-11-08,000001.SZ,10.5844,10.672,10.526,10.5941,10.5163,0.07779999999999987,0.7398,793976.0,864744.243
2018-11-09,000001.SZ,10.419,10.4385,10.1174,10.2634,10.5941,-0.33069999999999844,-3.1215,1629269.17,1716198.382
2018-11-12,000001.SZ,10.1758,10.2926,10.098,10.2731,10.2634,0.00969999999999871,0.0945,920333.88,965756.504
2018-11-13,000001.SZ,10.1272,10.3607,10.098,10.2536,10.2731,-0.019499999999998963,-0.1898,1072497.62,1126736.143
2018-11-14,000001.SZ,10.2439,10.2634,10.1369,10.1564,10.2536,-0.09720000000000084,-0.948,774239.85,810357.748
2018-11-15,000001.SZ,10.1564,10.3509,10.1369,10.3315,10.1564,0.17510000000000048,1.724,901461.98,949991.801
2018-11-16,000001.SZ,10.3217,10.4288,10.205,10.2828,10.3315,-0.04870000000000019,-0.4714,1059592.59,1123173.219
2018-11-19,000001.SZ,10.2828,10.5844,10.2828,10.5552,10.2828,0.2723999999999993,2.6491,1360887.09,1466899.416
2018-11-20,000001.SZ,10.4579,10.5066,10.2342,10.2828,10.5552,-0.2723999999999993,-2.5807,1033877.53,1099654.683
2018-11-21,000001.SZ,10.2147,10.3801,10.1953,10.3217,10.2828,0.038899999999999935,0.3783,666157.33,705638.355
2018-11-22,000001.SZ,10.3801,10.3801,10.1953,10.2634,10.3217,-0.05829999999999913,-0.5648,500267.85,527103.281
2018-11-23,000001.SZ,10.2439,10.2926,10.0299,10.0396,10.2634,-0.22380000000000067,-2.1806,700358.15,730667.665
2018-11-26,000001.SZ,10.0591,10.1758,10.0202,10.0591,10.0396,0.01950000000000074,0.1942,516569.11,535963.342
2018-11-27,000001.SZ,10.0688,10.1077,9.884,9.9034,10.0591,-0.15570000000000128,-1.5479,733448.38,752824.12
2018-11-28,000001.SZ,9.8937,10.0299,9.884,10.0007,9.9034,0.09730000000000061,0.9825,537751.45,550820.246
2018-11-29,000001.SZ,10.0688,10.1077,9.9132,9.9229,10.0007,-0.07779999999999987,-0.7779,485284.05,499068.827
2018-11-30,000001.SZ,9.9423,10.0785,9.8937,10.0785,9.9229,0.15559999999999974,1.5681,594715.32,610571.532
2018-12-03,000001.SZ,10.3023,10.3704,10.1855,10.3023,10.0785,0.22380000000000067,2.2206,1064097.17,1126374.829
2018-12-04,000001.SZ,10.2828,10.3315,10.2439,10.3023,10.3023,0.0,0.0,534813.05,565743.744
2018-12-05,000001.SZ,10.205,10.2245,10.1174,10.1661,10.3023,-0.13620000000000054,-1.322,581545.27,608133.29
2018-12-06,000001.SZ,10.0785,10.0883,9.9521,9.9715,10.1661,-0.19459999999999944,-1.9142,578866.48,594649.682
2018-12-07,000001.SZ,10.0202,10.1077,9.991,10.0007,9.9715,0.02919999999999945,0.2928,340216.15,351101.37
2018-12-10,000001.SZ,9.9423,9.991,9.8548,9.8937,10.0007,-0.10699999999999932,-1.0699,494818.87,504040.653
2018-12-11,000001.SZ,9.9326,9.9813,9.8937,9.9521,9.8937,0.0583999999999989,0.5903,299089.62,305389.21
2018-12-12,000001.SZ,10.0202,10.0396,9.9229,9.9618,9.9521,0.009700000000000486,0.0975,366379.03,375402.863
2018-12-13,000001.SZ,9.9715,10.1953,9.9229,10.1077,9.9618,0.14589999999999925,1.4646,790845.21,819920.689
2018-12-14,000001.SZ,10.0591,10.0688,9.884,9.8937,10.1077,-0.21399999999999864,-2.1172,526675.13,539263.012
2018-12-17,000001.SZ,9.884,10.0494,9.8256,10.0104,9.8937,0.1166999999999998,1.1795,571274.87,584679.512
2018-12-18,000001.SZ,9.9229,10.0396,9.8256,9.8451,10.0104,-0.16530000000000022,-1.6513,537744.3,547157.562
2018-12-19,000001.SZ,9.8645,9.9034,9.631,9.6699,9.8451,-0.17520000000000024,-1.7796,598007.01,600090.171
2018-12-20,000001.SZ,9.6505,9.6991,9.3684,9.4462,9.6699,-0.2237000000000009,-2.3134,990284.79,964202.861
2018-12-21,000001.SZ,9.417,9.4365,9.0765,9.1933,9.4462,-0.25289999999999857,-2.6773,1000616.76,944460.332
2018-12-24,000001.SZ,9.1446,9.1933,9.0571,9.1641,9.1933,-0.029200000000001225,-0.3176,509117.67,477186.904
2018-12-25,000001.SZ,9.0376,9.1738,8.9598,9.0862,9.1641,-0.07789999999999964,-0.8501,586615.45,545235.607
2018-12-26,000001.SZ,9.096,9.1641,9.0181,9.0473,9.0862,-0.038899999999999935,-0.4281,421140.6,393215.14
2018-12-27,000001.SZ,9.1933,9.2322,9.0279,9.0279,9.0473,-0.019399999999999196,-0.2144,624593.27,586343.755
2018-12-28,000001.SZ,9.0571,9.203,9.0571,9.1252,9.0279,0.09729999999999883,1.0778,576604.0,541571.004
2019-01-02,000001.SZ,9.1349,9.1641,8.9111,8.9403,9.1252,-0.18489999999999895,-2.0263,539386.32,498695.109
2019-01-03,000001.SZ,8.9306,9.0765,8.9014,9.0279,8.9403,0.08760000000000012,0.9798,415537.95,384457.707
2019-01-04,000001.SZ,8.989,9.5532,8.9695,9.4851,9.0279,0.4571999999999985,5.0643,1481159.06,1422149.888
2019-01-07,000001.SZ,9.5727,9.5824,9.3684,9.4754,9.4851,-0.00969999999999871,-0.1023,865687.66,841166.43
2019-01-08,000001.SZ,9.4657,9.4754,9.3586,9.3976,9.4754,-0.07779999999999987,-0.8211,402388.11,389247.795
2019-01-09,000001.SZ,9.4754,9.8061,9.4365,9.6699,9.3976,0.27229999999999954,2.8975,1233486.36,1229465.116
2019-01-10,000001.SZ,9.6018,9.9229,9.5921,9.8256,9.6699,0.1556999999999995,1.6102,1071817.66,1079711.035
2019-01-11,000001.SZ,9.8353,9.9423,9.777,9.9229,9.8256,0.09730000000000061,0.9903,696364.55,708001.802
2019-01-14,000001.SZ,9.9423,9.9715,9.7964,9.8353,9.9229,-0.08760000000000012,-0.8828,500443.59,507862.882
2019-01-15,000001.SZ,9.8353,10.0007,9.8159,9.9618,9.8353,0.12650000000000006,1.2862,542160.55,553027.309
2019-01-16,000001.SZ,9.9618,10.2147,9.9521,10.1953,9.9618,0.23349999999999937,2.344,977699.37,1017495.116
2019-01-17,000001.SZ,10.2536,10.2828,9.8937,9.9715,10.1953,-0.2237999999999989,-2.1951,882811.92,910212.066
2019-01-18,000001.SZ,10.0591,10.205,10.0007,10.1466,9.9715,0.1750999999999987,1.756,738793.26,769973.637
2019-01-21,000001.SZ,10.0591,10.1855,10.0396,10.0591,10.1466,-0.08749999999999858,-0.8624,659355.76,684465.646
2019-01-22,000001.SZ,10.0591,10.1564,9.9813,10.0007,10.0591,-0.058400000000000674,-0.5806,424413.57,438991.45
2019-01-23,000001.SZ,10.0104,10.1855,10.0104,10.0688,10.0007,0.06809999999999938,0.681,537876.63,559384.396
2019-01-24,000001.SZ,10.1174,10.2634,10.0883,10.2342,10.0688,0.1654,1.6427,679240.88,711495.718
2019-01-25,000001.SZ,10.2731,10.7401,10.2634,10.7011,10.2342,0.46690000000000076,4.5622,2108361.85,2299718.224
2019-01-28,000001.SZ,10.7401,10.8373,10.5844,10.6428,10.7011,-0.05830000000000091,-0.5448,1035909.8,1141853.833
2019-01-29,000001.SZ,10.6622,10.7692,10.4774,10.7011,10.6428,0.05830000000000091,0.5478,826631.1,904847.854
2019-01-30,000001.SZ,10.6525,10.8763,10.565,10.6525,10.7011,-0.04860000000000042,-0.4542,712001.01,785204.571
2019-01-31,000001.SZ,10.6817,10.8957,10.6428,10.7984,10.6525,0.14590000000000103,1.3696,831622.75,922602.874
2019-02-01,000001.SZ,10.8957,10.9444,10.6622,10.8957,10.7984,0.09729999999999883,0.9011,1014270.07,1127216.186
2019-02-11,000001.SZ,10.779,10.9054,10.672,10.9054,10.8957,0.009700000000000486,0.089,801936.63,889951.528
2019-02-12,000001.SZ,10.8957,11.0027,10.7303,10.886,10.9054,-0.019400000000000972,-0.1779,959936.9,1071873.084
2019-02-13,000001.SZ,10.886,11.1,10.8179,11.0708,10.886,0.18480000000000096,1.6976,1137365.74,1280182.096
2019-02-14,000001.SZ,10.993,11.0222,10.886,10.9444,11.0708,-0.1264000000000003,-1.1417,869185.19,977818.097
2019-02-15,000001.SZ,10.9249,10.9249,10.6039,10.6525,10.9444,-0.29190000000000005,-2.6671,1100127.46,1213914.428
2019-02-18,000001.SZ,10.7498,11.0514,10.7401,11.0514,10.6525,0.39889999999999937,3.7447,1255522.21,1408279.68
2019-02-19,000001.SZ,11.0514,11.3043,10.9346,10.9638,11.0514,-0.08759999999999835,-0.7927,1270882.04,1445281.382
2019-02-20,000001.SZ,11.0222,11.2167,10.9444,11.1,10.9638,0.13619999999999877,1.2423,832629.87,949430.819
2019-02-21,000001.SZ,11.0708,11.2362,10.9735,11.0514,11.1,-0.04860000000000042,-0.4378,754246.48,860591.07
2019-02-22,000001.SZ,11.0416,11.2557,10.8471,11.2265,11.0514,0.17510000000000048,1.5844,1184047.79,1343020.336
2019-02-25,000001.SZ,11.3821,12.2966,11.2557,12.209,11.2265,0.9824999999999999,8.7516,2824935.02,3415946.86
2019-02-26,000001.SZ,12.209,12.2285,11.8199,11.8685,12.209,-0.34050000000000047,-2.7889,2017544.93,2485673.356
2019-02-27,000001.SZ,11.9075,12.316,11.8199,12.0631,11.8685,0.19460000000000122,1.6396,1979013.88,2454404.411
2019-02-28,000001.SZ,12.102,12.2674,11.9366,12.0242,12.0631,-0.038899999999999935,-0.3225,1113099.8,1383110.81
2019-03-01,000001.SZ,12.1409,12.4328,11.8685,12.4133,12.0242,0.3890999999999991,3.236,1712679.16,2137669.556
2019-03-04,000001.SZ,12.355,13.0165,12.2771,12.6371,12.4133,0.22380000000000067,1.8029,2456830.39,3195011.702
2019-03-05,000001.SZ,12.5593,12.9289,12.4912,12.7052,12.6371,0.06809999999999938,0.5389,1408422.22,1838251.656
2019-03-06,000001.SZ,12.7052,12.7927,12.4912,12.7246,12.7052,0.019400000000000972,0.1527,1245760.2,1614670.974
2019-03-07,000001.SZ,12.7052,12.7052,12.209,12.3939,12.7246,-0.3307000000000002,-2.5989,1782057.31,2274151.007
2019-03-08,000001.SZ,12.1507,12.355,11.9172,11.9658,12.3939,-0.4281000000000006,-3.4541,1778162.1,2214572.416
2019-03-11,000001.SZ,11.9658,12.1507,11.7226,11.9853,11.9658,0.01950000000000074,0.163,1157650.77,1416000.379
2019-03-12,000001.SZ,12.1507,12.2966,11.9075,12.0242,11.9853,0.038899999999999935,0.3246,1411794.92,1757797.25
2019-03-13,000001.SZ,12.0047,12.209,11.8004,12.0339,12.0242,0.00969999999999871,0.0807,1269427.16,1568387.543
2019-03-14,000001.SZ,11.995,12.2771,11.9366,12.0923,12.0339,0.058400000000000674,0.4853,1057467.9,1316372.926
2019-03-15,000001.SZ,12.0047,12.3355,12.0047,12.1604,12.0923,0.06809999999999938,0.5632,1045406.03,1311323.009
2019-03-18,000001.SZ,12.1896,12.5884,11.9853,12.5593,12.1604,0.39890000000000114,3.2803,1486454.8,1882483.633
2019-03-19,000001.SZ,12.569,12.5884,12.2674,12.4425,12.5593,-0.11679999999999957,-0.93,957196.46,1221118.294
2019-03-20,000001.SZ,12.3355,12.5301,12.2771,12.4036,12.4425,-0.038899999999999935,-0.3126,929996.38,1185477.058
2019-03-21,000001.SZ,12.4231,12.4522,12.2382,12.3452,12.4036,-0.058400000000000674,-0.4708,860140.8,1092506.482
2019-03-22,000001.SZ,12.3452,12.3939,12.1604,12.2479,12.3452,-0.09730000000000061,-0.7882,713502.06,898629.416
2019-03-25,000001.SZ,12.0631,12.0631,11.7713,11.781,12.2479,-0.466899999999999,-3.8121,1179883.26,1445560.16
2019-03-26,000001.SZ,11.8977,11.9561,11.6837,11.7713,11.781,-0.009700000000000486,-0.0823,935393.27,1136721.266
2019-03-27,000001.SZ,11.9075,12.1312,11.8491,12.0437,11.7713,0.2723999999999993,2.3141,922826.8,1138302.657
2019-03-28,000001.SZ,11.9756,11.9756,11.7713,11.888,12.0437,-0.1556999999999995,-1.2928,732467.44,892530.627
2019-03-29,000001.SZ,11.9269,12.4717,11.8783,12.4717,11.888,0.5837000000000003,4.91,1669506.47,2108295.393
2019-04-01,000001.SZ,12.4814,13.1819,12.4814,12.8219,12.4717,0.3501999999999992,2.808,1951401.19,2588268.668
2019-04-02,000001.SZ,12.9192,13.1138,12.8706,12.997,12.8219,0.17510000000000048,1.3656,1100384.04,1466040.987
2019-04-03,000001.SZ,12.8511,13.0846,12.7927,13.0749,12.997,0.07789999999999964,0.5994,792915.79,1056166.231
2019-04-04,000001.SZ,13.0651,13.6196,13.0651,13.4834,13.0749,0.4085000000000001,3.1243,2034365.0,2796366.353
2019-04-08,000001.SZ,13.5224,14.038,13.3472,13.5807,13.4834,0.09730000000000061,0.7216,1743176.2,2464536.241
2019-04-09,000001.SZ,13.4932,13.6002,13.3764,13.4348,13.5807,-0.14590000000000103,-1.0743,781332.38,1080549.202
2019-04-10,000001.SZ,13.3764,13.5029,13.0359,13.357,13.4348,-0.07779999999999987,-0.5791,947135.06,1289475.602
2019-04-11,000001.SZ,13.357,13.5807,13.1235,13.1721,13.357,-0.18489999999999895,-1.3843,655356.62,897382.236
2019-04-12,000001.SZ,13.1235,13.2208,12.8511,13.0554,13.1721,-0.1166999999999998,-0.886,774324.64,1035139.673
2019-04-15,000001.SZ,13.3472,13.7072,13.2889,13.3181,13.0554,0.2626999999999988,2.0122,1533890.68,2134708.981
2019-04-16,000001.SZ,13.2986,14.1839,13.1819,14.1839,13.3181,0.8658000000000001,6.5009,2379375.18,3379550.307
2019-04-17,000001.SZ,14.0282,14.1936,13.8434,13.9601,14.1839,-0.2237999999999989,-1.5778,1004109.87,1443493.493
2019-04-18,000001.SZ,13.9115,13.9796,13.7267,13.9504,13.9601,-0.009700000000000486,-0.0695,507045.3,721908.8
2019-04-19,000001.SZ,14.0574,14.3979,13.9115,14.3298,13.9504,0.3794000000000004,2.7196,1246036.09,1814875.936
2019-04-22,000001.SZ,14.2033,14.4368,13.6975,13.7656,14.3298,-0.5642000000000014,-3.9372,1322273.9,1899850.004
2019-04-23,000001.SZ,13.7169,13.8142,13.5905,13.6877,13.7656,-0.07789999999999964,-0.5659,940687.34,1326465.625
2019-04-24,000001.SZ,14.0574,14.2033,13.7753,14.0477,13.6877,0.3600000000000012,2.6301,1949723.63,2811131.027
2019-04-25,000001.SZ,13.9893,14.2423,13.7461,13.7461,14.0477,-0.30160000000000053,-2.147,1111476.37,1597895.217
2019-04-26,000001.SZ,13.6975,13.8628,13.3278,13.4153,13.7461,-0.3308,-2.4065,1009421.24,1407987.365
2019-04-29,000001.SZ,13.5224,13.9407,13.4834,13.7169,13.4153,0.30160000000000053,2.2482,1030695.75,1450714.134
2019-04-30,000001.SZ,13.6099,13.6683,13.2208,13.4737,13.7169,-0.24320000000000164,-1.773,1116570.27,1542958.577
2019-05-06,000001.SZ,12.7441,12.9873,12.3647,12.5203,13.4737,-0.9533999999999985,-7.076,2108667.84,2742409.411
2019-05-07,000001.SZ,12.676,12.7344,12.3744,12.5982,12.5203,0.07789999999999964,0.6222,1072658.41,1386247.078
2019-05-08,000001.SZ,12.3744,12.5593,12.1604,12.2577,12.5982,-0.34050000000000047,-2.7028,975450.81,1236655.982
2019-05-09,000001.SZ,12.1799,12.2382,11.7226,11.8296,12.2577,-0.4281000000000006,-3.4925,1557151.61,1904905.488
2019-05-10,000001.SZ,12.0047,12.4036,11.7713,12.3355,11.8296,0.5059000000000005,4.2766,1192399.08,1489975.624
2019-05-13,000001.SZ,11.995,12.1993,11.8977,11.9658,12.3355,-0.3696999999999999,-2.997,741917.79,916213.719
2019-05-14,000001.SZ,11.8685,12.4036,11.8296,12.1507,11.9658,0.18490000000000073,1.5452,1182598.19,1477008.362
2019-05-15,000001.SZ,12.2382,12.7538,12.2285,12.569,12.1507,0.41830000000000034,3.4426,1103988.51,1417050.112
2019-05-16,000001.SZ,12.5787,12.6371,12.4328,12.5009,12.569,-0.06810000000000116,-0.5418,634901.43,816740.932
2019-05-17,000001.SZ,12.569,12.5787,12.0242,12.102,12.5009,-0.39889999999999937,-3.191,965000.85,1208569.909
2019-05-20,000001.SZ,12.0145,12.1993,11.9172,12.0437,12.102,-0.05830000000000091,-0.4817,786435.18,971222.474
2019-05-21,000001.SZ,12.0631,12.3841,12.0242,12.2188,12.0437,0.17510000000000048,1.4539,731210.51,919191.24
2019-05-22,000001.SZ,12.2285,12.2285,11.9853,12.0631,12.2188,-0.1556999999999995,-1.2743,506230.72,628437.47
2019-05-23,000001.SZ,11.9075,12.0826,11.8102,11.9561,12.0631,-0.1070000000000011,-0.887,666855.43,817850.53
2019-05-24,000001.SZ,12.0145,12.1118,11.9756,12.0145,11.9561,0.058400000000000674,0.4885,495526.2,613106.248
2019-05-27,000001.SZ,11.8783,12.0826,11.6059,12.0339,12.0145,0.019399999999999196,0.1615,1048425.98,1275632.724
2019-05-28,000001.SZ,11.9756,12.209,11.9269,12.1507,12.0339,0.11680000000000135,0.9706,880703.12,1094063.186
2019-05-29,000001.SZ,12.0242,12.2479,11.9269,12.0631,12.1507,-0.08760000000000012,-0.7209,666411.5,827828.661
2019-05-30,000001.SZ,11.9853,12.0437,11.781,11.888,12.0631,-0.17510000000000048,-1.4515,646284.65,787801.007
2019-05-31,000001.SZ,11.8296,12.0631,11.781,11.8491,11.888,-0.038899999999999935,-0.3272,686794.39,839375.709
2019-06-03,000001.SZ,11.888,11.995,11.4989,11.5767,11.8491,-0.2723999999999993,-2.2989,1512719.05,1816591.876
2019-06-04,000001.SZ,11.567,11.6156,11.2848,11.5281,11.5767,-0.04860000000000042,-0.4198,974655.34,1147709.578
2019-06-05,000001.SZ,11.6448,11.8102,11.5962,11.6448,11.5281,0.1166999999999998,1.0123,748892.31,899331.716
2019-06-06,000001.SZ,11.6448,11.7421,11.567,11.5962,11.6448,-0.04860000000000042,-0.4174,433665.26,519425.127
2019-06-10,000001.SZ,11.6837,12.1312,11.6545,12.0047,11.5962,0.4085000000000001,3.5227,1144668.82,1404223.62
2019-06-11,000001.SZ,12.0047,12.3744,11.9658,12.3063,12.0047,0.30160000000000053,2.5123,1251087.51,1574105.212
2019-06-12,000001.SZ,12.2869,12.316,12.102,12.2285,12.3063,-0.07779999999999987,-0.6322,657310.18,825178.004
2019-06-13,000001.SZ,12.1993,12.3355,12.0923,12.2479,12.2285,0.019399999999999196,0.1586,530000.26,666277.695
2019-06-14,000001.SZ,12.2479,12.3452,12.1118,12.1507,12.2479,-0.09719999999999906,-0.7936,483191.73,606815.214
2019-06-17,000001.SZ,12.1409,12.4425,12.1409,12.3258,12.1507,0.1750999999999987,1.4411,619815.88,786223.58
2019-06-18,000001.SZ,12.3258,12.5009,12.2479,12.4522,12.3258,0.1264000000000003,1.0255,483555.12,616237.571
2019-06-19,000001.SZ,12.9289,13.0262,12.6565,12.7149,12.4522,0.2627000000000006,2.1097,1143226.39,1504997.837
2019-06-20,000001.SZ,12.8122,13.571,12.7636,13.4251,12.7149,0.7102000000000004,5.5856,1529191.47,2083209.238
2019-06-21,000001.SZ,13.3862,13.4932,13.2111,13.2694,13.4251,-0.15570000000000128,-1.1598,1011129.15,1384099.587
2019-06-24,000001.SZ,13.3181,13.4543,13.2402,13.3181,13.2694,0.04870000000000019,0.367,659572.85,904433.349
2019-06-25,000001.SZ,13.3472,13.3472,12.7149,13.0651,13.3181,-0.2530000000000001,-1.8997,1469227.07,1954855.785
2019-06-26,000001.SZ,13.0455,13.2716,12.9668,13.1438,13.0651,0.07870000000000132,0.6024,546504.76,731207.282
2019-06-27,000001.SZ,13.2716,13.6156,13.2224,13.478,13.1438,0.33419999999999916,2.5426,925074.94,1270042.461
2019-06-28,000001.SZ,13.4977,13.5567,13.3502,13.5468,13.478,0.06879999999999953,0.5105,498093.69,682679.97
2019-07-01,000001.SZ,13.7729,13.9401,13.6353,13.6943,13.5468,0.14750000000000085,1.0888,960636.0,1347792.874
2019-07-02,000001.SZ,13.6451,13.9991,13.6255,13.9401,13.6943,0.24579999999999913,1.7949,1052744.86,1481211.353
2019-07-03,000001.SZ,13.9401,13.9696,13.6353,13.7729,13.9401,-0.16719999999999935,-1.1994,769078.49,1076744.4
2019-07-04,000001.SZ,13.7729,14.0384,13.6451,13.7533,13.7729,-0.019600000000000506,-0.1423,621292.52,873624.287
2019-07-05,000001.SZ,13.714,13.7434,13.4584,13.6845,13.7533,-0.06879999999999953,-0.5002,749196.09,1037357.175
2019-07-08,000001.SZ,13.5862,13.6451,13.2224,13.36,13.6845,-0.32450000000000045,-2.3713,778413.9,1061095.712
2019-07-09,000001.SZ,13.3994,13.478,13.2126,13.36,13.36,0.0,0.0,494296.11,670391.72
2019-07-10,000001.SZ,13.3797,13.4682,13.2617,13.3306,13.36,-0.029399999999998983,-0.2201,358220.79,487071.876
2019-07-11,000001.SZ,13.4485,13.5468,13.3011,13.3109,13.3306,-0.019700000000000273,-0.1478,484183.14,660588.299
2019-07-12,000001.SZ,13.3699,13.9892,13.3502,13.8811,13.3109,0.5701999999999998,4.2837,1465366.52,2055749.881
2019-07-15,000001.SZ,13.7926,13.8811,13.6058,13.7631,13.8811,-0.11800000000000033,-0.8501,841282.76,1175798.104
2019-07-16,000001.SZ,13.7336,13.7533,13.478,13.5173,13.7631,-0.24579999999999913,-1.7859,722780.79,998151.578
2019-07-17,000001.SZ,13.4682,13.5763,13.3797,13.4584,13.5173,-0.058900000000001285,-0.4357,410020.63,561944.451
2019-07-18,000001.SZ,13.419,13.5763,13.3306,13.4387,13.4584,-0.019699999999998496,-0.1464,422826.22,578067.487
2019-07-19,000001.SZ,13.5075,13.8418,13.4485,13.7533,13.4387,0.31459999999999866,2.341,866390.7,1207316.526
2019-07-22,000001.SZ,13.7238,13.7828,13.5272,13.6156,13.7533,-0.13769999999999882,-1.0012,582283.3,807249.426
2019-07-23,000001.SZ,13.6255,13.6353,13.419,13.5272,13.6156,-0.08840000000000003,-0.6493,504004.23,692328.447
2019-07-24,000001.SZ,13.6353,13.7729,13.5567,13.6451,13.5272,0.11789999999999878,0.8716,570276.22,793387.782
2019-07-25,000001.SZ,13.6845,14.0285,13.6156,13.9597,13.6451,0.31460000000000043,2.3056,1087826.41,1534889.645
2019-07-26,000001.SZ,13.9401,14.0089,13.8418,13.9892,13.9597,0.029500000000000526,0.2113,635305.71,901074.107
2019-07-29,000001.SZ,14.0089,14.2055,13.9401,14.0482,13.9892,0.058999999999999275,0.4218,715576.19,1023261.763
2019-07-30,000001.SZ,14.0679,14.3038,14.0482,14.1269,14.0482,0.07869999999999955,0.5602,796634.32,1148582.412
2019-07-31,000001.SZ,14.058,14.0777,13.8418,13.8909,14.1269,-0.23599999999999888,-1.6706,634723.48,899227.865
2019-08-01,000001.SZ,13.8221,13.9499,13.7041,13.8614,13.8909,-0.029500000000000526,-0.2124,527981.28,742308.285
2019-08-02,000001.SZ,13.537,13.6451,13.4289,13.5075,13.8614,-0.35389999999999944,-2.5531,969926.46,1333400.773
2019-08-05,000001.SZ,13.3699,13.4092,13.0455,13.1241,13.5075,-0.38339999999999996,-2.8384,893082.42,1201885.399
2019-08-06,000001.SZ,12.8783,13.2322,12.8095,13.1438,13.1241,0.019700000000000273,0.1501,882499.13,1166971.469
2019-08-07,000001.SZ,13.2617,13.4092,13.1438,13.3109,13.1438,0.16709999999999958,1.2713,793038.99,1070736.943
2019-08-08,000001.SZ,13.6648,14.2547,13.6156,14.1367,13.3109,0.8257999999999992,6.2039,2330715.04,3313302.1
2019-08-09,000001.SZ,14.3038,14.5987,14.1858,14.2743,14.1367,0.13760000000000083,0.9734,2060575.13,3021884.306
2019-08-12,000001.SZ,14.3628,14.8642,14.353,14.8642,14.2743,0.5899000000000001,4.1326,2733425.47,4084497.902
2019-08-13,000001.SZ,14.7462,14.8248,14.4906,14.6381,14.8642,-0.22610000000000063,-1.5211,1293736.44,1925835.288
2019-08-14,000001.SZ,14.8838,14.9625,14.5496,14.7167,14.6381,0.07859999999999978,0.537,1360546.54,2038261.151
2019-08-15,000001.SZ,14.3923,14.7069,14.353,14.6872,14.7167,-0.02949999999999875,-0.2005,897376.26,1333117.725
2019-08-16,000001.SZ,14.8347,14.8838,14.5299,14.6479,14.6872,-0.03930000000000078,-0.2676,986902.93,1474900.257
2019-08-19,000001.SZ,14.6577,14.6872,14.2743,14.6675,14.6479,0.019600000000000506,0.1338,2292956.13,3368207.935
2019-08-20,000001.SZ,14.6675,14.9428,14.5201,14.7364,14.6675,0.0688999999999993,0.4697,1921041.5,2872304.2
2019-08-21,000001.SZ,14.6184,14.6381,14.1367,14.2055,14.7364,-0.530899999999999,-3.6026,1990131.95,2902251.1
2019-08-22,000001.SZ,14.1563,14.2055,13.9597,14.0679,14.2055,-0.13760000000000083,-0.9686,1353071.58,1935208.499
2019-08-23,000001.SZ,14.1269,14.4906,14.1072,14.4021,14.0679,0.33420000000000094,2.3756,1636867.68,2388239.081
2019-08-26,000001.SZ,14.176,14.2547,13.9106,14.0089,14.4021,-0.3932000000000002,-2.7302,1415122.54,2018498.039
2019-08-27,000001.SZ,14.117,14.235,13.9991,14.0679,14.0089,0.058999999999999275,0.4212,1356713.37,1948127.123
2019-08-28,000001.SZ,14.0187,14.0384,13.8123,14.0285,14.0679,-0.039400000000000546,-0.2801,829657.68,1176329.095
2019-08-29,000001.SZ,13.9794,13.9991,13.8418,13.8909,14.0285,-0.13759999999999906,-0.9809,609034.34,861177.482
2019-08-30,000001.SZ,14.0482,14.1465,13.8614,13.9204,13.8909,0.029500000000000526,0.2124,798500.57,1136119.659
2019-09-02,000001.SZ,13.9106,14.2547,13.8713,14.2055,13.9204,0.2850999999999999,2.0481,1360201.3,1955673.136
2019-09-03,000001.SZ,14.235,14.2645,14.0089,14.058,14.2055,-0.14750000000000085,-1.0383,858653.65,1230606.485
2019-09-04,000001.SZ,14.0777,14.2547,14.0679,14.1957,14.058,0.1377000000000006,0.9795,973964.87,1404037.295
2019-09-05,000001.SZ,14.3136,14.5987,14.3038,14.3333,14.1957,0.13759999999999906,0.9693,1768051.43,2599478.258
2019-09-06,000001.SZ,14.4611,14.5594,14.3726,14.5594,14.3333,0.22610000000000063,1.5774,986432.8,1451264.912
2019-09-09,000001.SZ,14.7265,14.7462,14.353,14.4414,14.5594,-0.11800000000000033,-0.8105,1299839.14,1918042.303
2019-09-10,000001.SZ,14.353,14.3923,14.1662,14.3038,14.4414,-0.13759999999999906,-0.9528,796870.64,1155180.739
2019-09-11,000001.SZ,14.353,14.4611,14.2153,14.3136,14.3038,0.009799999999998477,0.0685,818614.21,1192674.258
2019-09-12,000001.SZ,14.4119,14.5299,14.2841,14.4316,14.3136,0.11800000000000033,0.8244,1150687.64,1682911.849
2019-09-16,000001.SZ,14.4513,14.4709,14.1563,14.2055,14.4316,-0.22609999999999886,-1.5667,929894.14,1349401.481
2019-09-17,000001.SZ,14.117,14.2055,13.9401,13.9991,14.2055,-0.20640000000000036,-1.453,882655.75,1261416.554
2019-09-18,000001.SZ,13.9991,14.235,13.9991,14.1662,13.9991,0.16709999999999958,1.1936,820436.33,1179079.988
2019-09-19,000001.SZ,14.235,14.6381,14.235,14.5889,14.1662,0.42270000000000074,2.9839,1884020.83,2777383.508
2019-09-20,000001.SZ,14.697,15.1394,14.6774,15.0804,14.5889,0.4914999999999985,3.369,2644285.14,4020646.521
2019-09-23,000001.SZ,15.0804,15.2082,14.9231,15.1198,15.0804,0.039400000000000546,0.2613,1403282.0,2148740.448
2019-09-24,000001.SZ,15.2082,15.2771,14.9231,14.9231,15.1198,-0.19669999999999987,-1.3009,1129103.24,1726238.272
2019-09-25,000001.SZ,14.9428,15.5818,14.933,15.4835,14.9231,0.5603999999999996,3.7553,1938892.72,3024598.93
2019-09-26,000001.SZ,15.5916,15.7686,15.395,15.4442,15.4835,-0.039299999999999,-0.2538,1686592.58,2673096.951
2019-09-27,000001.SZ,15.5818,15.7293,15.4343,15.631,15.4442,0.18679999999999986,1.2095,1007706.27,1598567.052
2019-09-30,000001.SZ,15.4835,15.6211,15.3065,15.3262,15.631,-0.3048000000000002,-1.95,1046363.17,1645828.526
2019-10-08,000001.SZ,15.336,15.9554,15.336,15.9259,15.3262,0.5997000000000003,3.9129,1386676.36,2225024.598
2019-10-09,000001.SZ,15.8276,16.2405,15.7489,15.975,15.9259,0.049099999999999255,0.3083,1316693.41,2145061.763
2019-10-10,000001.SZ,15.9947,15.9947,15.7194,15.9652,15.975,-0.009800000000000253,-0.0613,879746.62,1418751.875
2019-10-11,000001.SZ,15.9259,16.6632,15.9259,16.5256,15.9652,0.5604000000000013,3.5101,1405422.82,2335030.599
2019-10-14,000001.SZ,16.6829,17.3022,16.6337,16.9286,16.5256,0.4029999999999987,2.4386,1557637.45,2688929.547
2019-10-15,000001.SZ,16.9581,17.0564,16.5354,16.8893,16.9286,-0.03930000000000078,-0.2322,881955.42,1503633.369
2019-10-16,000001.SZ,16.968,17.1449,16.3486,16.5059,16.8893,-0.3833999999999982,-2.2701,1267671.21,2146150.627
2019-10-17,000001.SZ,16.614,16.7123,16.27,16.4174,16.5059,-0.0884999999999998,-0.5362,1126182.22,1887045.621
2019-10-18,000001.SZ,16.5157,16.7517,16.152,16.2306,16.4174,-0.18680000000000163,-1.1378,1196799.14,1999012.671
2019-10-21,000001.SZ,16.152,16.6829,16.152,16.6042,16.2306,0.3735999999999997,2.3018,945952.25,1589276.085
2019-10-22,000001.SZ,16.6239,16.6435,15.7588,16.1422,16.6042,-0.46199999999999974,-2.7824,1883531.43,3072547.165
2019-10-23,000001.SZ,16.0439,16.3879,15.9554,16.1717,16.1422,0.029500000000002302,0.1828,967534.59,1590781.971
2019-10-24,000001.SZ,16.2208,16.7123,16.1618,16.5845,16.1717,0.41279999999999717,2.5526,1109214.77,1861032.918
2019-10-25,000001.SZ,16.4961,16.673,16.2995,16.5944,16.5845,0.009900000000001796,0.0597,691435.76,1161100.08
2019-10-28,000001.SZ,16.6927,16.7517,16.2011,16.3781,16.5944,-0.21630000000000038,-1.3035,1070131.13,1780873.358
2019-10-29,000001.SZ,16.4076,16.6435,16.2798,16.6239,16.3781,0.24579999999999913,1.5008,788864.73,1322036.352
2019-10-30,000001.SZ,16.5157,16.673,16.1422,16.152,16.6239,-0.471899999999998,-2.8387,854317.17,1420644.944
2019-10-31,000001.SZ,16.1422,16.1913,15.9652,15.9849,16.152,-0.16710000000000136,-1.0345,862569.3,1407006.434
2019-11-01,000001.SZ,16.0733,16.7123,16.0045,16.5747,15.9849,0.5898000000000003,3.6897,1254655.44,2096068.96
2019-11-04,000001.SZ,16.6927,16.9581,16.4862,16.6337,16.5747,0.05900000000000105,0.356,889824.25,1507910.818
2019-11-05,000001.SZ,16.5157,17.1449,16.5059,16.8598,16.6337,0.22609999999999886,1.3593,1172485.89,2010924.199
2019-11-06,000001.SZ,16.7713,16.968,16.5944,16.673,16.8598,-0.18680000000000163,-1.108,863325.36,1470233.502
2019-11-07,000001.SZ,16.6435,16.7812,16.4666,16.6042,16.673,-0.06879999999999953,-0.4126,711896.99,1200671.649
2019-11-08,000001.SZ,16.6927,16.732,16.3584,16.3683,16.6042,-0.23589999999999733,-1.4207,849139.24,1421088.326
2019-11-11,000001.SZ,16.2208,16.2503,15.9259,16.0045,16.3683,-0.36380000000000123,-2.2226,953515.63,1556517.253
2019-11-12,000001.SZ,16.0144,16.093,15.8866,16.0537,16.0045,0.04919999999999902,0.3074,516266.4,840769.286
2019-11-13,000001.SZ,16.0144,16.1815,15.7883,16.0537,16.0537,0.0,0.0,655120.65,1067975.601
2019-11-14,000001.SZ,16.152,16.2011,15.975,16.0439,16.0537,-0.009799999999998477,-0.061,468899.55,767006.342
2019-11-15,000001.SZ,16.1127,16.27,15.9652,16.0635,16.0439,0.019600000000000506,0.1222,569227.98,933539.572
2019-11-18,000001.SZ,16.0733,16.27,15.9554,16.1717,16.0635,0.10820000000000007,0.6736,557918.41,915983.935
2019-11-19,000001.SZ,16.1717,16.2011,16.034,16.1323,16.1717,-0.039400000000000546,-0.2436,562120.4,920998.203
2019-11-20,000001.SZ,16.0242,16.0242,15.5032,15.5818,16.1323,-0.5505000000000013,-3.4124,1724383.53,2747598.383
2019-11-21,000001.SZ,15.4835,15.6015,15.3655,15.5916,15.5818,0.009800000000000253,0.0629,772563.24,1218516.399
2019-11-22,000001.SZ,15.6211,15.6506,15.2869,15.3262,15.5916,-0.26539999999999964,-1.7022,773473.54,1216064.537
2019-11-25,000001.SZ,15.3754,15.572,15.2771,15.5327,15.3262,0.20650000000000013,1.3474,783257.94,1233388.886
2019-11-26,000001.SZ,15.6211,15.6211,15.2279,15.3557,15.5327,-0.1769999999999996,-1.1395,815297.53,1271594.662
2019-11-27,000001.SZ,15.3754,15.3754,15.1296,15.2082,15.3557,-0.14750000000000085,-0.9606,476169.98,736584.294
2019-11-28,000001.SZ,15.2082,15.2771,15.1787,15.2279,15.2082,0.019700000000000273,0.1295,378016.51,585252.046
2019-11-29,000001.SZ,15.2771,15.2869,14.9231,15.0313,15.2279,-0.1966000000000001,-1.2911,653866.91,1001451.096
2019-12-02,000001.SZ,15.0903,15.1689,14.9723,15.1001,15.0313,0.06879999999999953,0.4577,553877.38,849784.129
2019-12-03,000001.SZ,15.0411,15.1984,14.9526,15.1886,15.1001,0.0884999999999998,0.5861,455418.05,700293.548
2019-12-04,000001.SZ,15.0804,15.1493,14.9526,15.0509,15.1886,-0.13769999999999882,-0.9066,524545.27,802110.334
2019-12-05,000001.SZ,15.0903,15.2181,15.0411,15.1689,15.0509,0.11800000000000033,0.784,557084.46,857682.575
2019-12-06,000001.SZ,15.2082,15.454,15.1984,15.336,15.1689,0.16709999999999958,1.1016,712615.24,1109423.061
2019-12-09,000001.SZ,15.3557,15.3557,15.0903,15.1493,15.336,-0.1867000000000001,-1.2174,605992.89,935135.952
2019-12-10,000001.SZ,15.1001,15.1198,14.992,15.0706,15.1493,-0.07869999999999955,-0.5195,556383.88,851377.532
2019-12-11,000001.SZ,15.1198,15.4147,15.0411,15.395,15.0706,0.3243999999999989,2.1525,871505.19,1351786.53
2019-12-12,000001.SZ,15.395,15.4049,15.2672,15.336,15.395,-0.058999999999999275,-0.3832,478998.82,747519.511
2019-12-13,000001.SZ,15.5818,15.8472,15.5032,15.8472,15.336,0.5112000000000005,3.3333,1053103.81,1680707.282
2019-12-16,000001.SZ,15.8472,15.8669,15.6015,15.8571,15.8472,0.00990000000000002,0.0625,787952.34,1262802.471
2019-12-17,000001.SZ,15.7293,16.3486,15.7096,16.2208,15.8571,0.3636999999999997,2.2936,1203104.9,1969891.323
2019-12-18,000001.SZ,16.152,16.3781,16.1323,16.1815,16.2208,-0.03930000000000078,-0.2423,797091.33,1317608.543
2019-12-19,000001.SZ,16.27,16.4567,16.1618,16.27,16.1815,0.0884999999999998,0.5469,675536.76,1119925.969
2019-12-20,000001.SZ,16.27,16.3978,16.1618,16.3093,16.27,0.03930000000000078,0.2415,644478.38,1067869.779
2019-12-23,000001.SZ,16.3978,16.3978,15.8964,15.9652,16.3093,-0.34410000000000096,-2.1098,715792.72,1173372.08
2019-12-24,000001.SZ,15.9554,16.2208,15.9554,16.1225,15.9652,0.15729999999999933,0.9853,459128.42,752351.618
2019-12-25,000001.SZ,16.1717,16.2798,15.9652,16.0242,16.1225,-0.09829999999999828,-0.6097,414917.98,679664.596
2019-12-26,000001.SZ,16.0635,16.2011,16.0439,16.1913,16.0242,0.1670999999999978,1.0428,372033.86,610381.757
2019-12-27,000001.SZ,16.2503,16.6435,16.152,16.3486,16.1913,0.15730000000000288,0.9715,1042574.72,1741473.179
2019-12-30,000001.SZ,16.1815,16.3486,15.8276,16.2896,16.3486,-0.05900000000000105,-0.3609,976970.31,1603152.786
2019-12-31,000001.SZ,16.2896,16.3486,16.034,16.1717,16.2896,-0.11789999999999878,-0.7238,704442.25,1154704.348
2020-01-02,000001.SZ,16.3683,16.6632,16.27,16.5845,16.1717,0.41279999999999717,2.5526,1530231.87,2571196.482
2020-01-03,000001.SZ,16.6534,17.0171,16.6337,16.8893,16.5845,0.3048000000000002,1.8379,1116194.81,1914495.474
2020-01-06,000001.SZ,16.7222,17.0466,16.6239,16.7812,16.8893,-0.10810000000000031,-0.6401,862083.5,1477930.193
2020-01-07,000001.SZ,16.8401,16.9876,16.6632,16.8598,16.7812,0.07860000000000156,0.4684,728607.56,1247047.135
2020-01-08,000001.SZ,16.7123,16.7615,16.3486,16.3781,16.8598,-0.4817,-2.8571,847824.12,1423608.811
2020-01-09,000001.SZ,16.5256,16.6435,16.2503,16.5059,16.3781,0.12780000000000058,0.7803,1031636.65,1725326.806
2020-01-10,000001.SZ,16.5059,16.5256,16.2405,16.4076,16.5059,-0.09830000000000183,-0.5955,585548.45,975154.818
2020-01-13,000001.SZ,16.4666,16.7418,16.3289,16.7025,16.4076,0.29490000000000194,1.7973,872133.36,1468271.683
2020-01-14,000001.SZ,16.7025,16.9778,16.4764,16.4764,16.7025,-0.22609999999999886,-1.3537,1304493.66,2217608.852
2020-01-15,000001.SZ,16.5059,16.5747,16.1717,16.2405,16.4764,-0.2359000000000009,-1.4317,859439.12,1424889.228
2020-01-16,000001.SZ,16.2405,16.2896,15.9259,16.0537,16.2405,-0.18680000000000163,-1.1502,1028104.67,1678888.507
2020-01-17,000001.SZ,16.1028,16.27,16.0733,16.1127,16.0537,0.05900000000000105,0.3675,605436.69,995909.007
2020-01-20,000001.SZ,16.152,16.3289,16.0733,16.1717,16.1127,0.05900000000000105,0.3662,746074.75,1226464.649
2020-01-21,000001.SZ,16.0635,16.0635,15.6605,15.7293,16.1717,-0.442400000000001,-2.7356,896603.1,1442171.431
2020-01-22,000001.SZ,15.6506,15.8866,15.4442,15.8177,15.7293,0.08840000000000003,0.562,719464.91,1150933.398
2020-01-23,000001.SZ,15.6506,15.6506,15.1296,15.2771,15.8177,-0.5405999999999995,-3.4177,1100592.07,1723394.336
2020-02-03,000001.SZ,13.7533,14.4513,13.7533,13.7533,15.2771,-1.5238000000000014,-9.9744,2259194.83,3201454.164
2020-02-04,000001.SZ,13.8123,14.4119,13.7828,14.353,13.7533,0.5997000000000003,4.3604,1706172.07,2442932.842
2020-02-05,000001.SZ,14.3431,14.6381,14.0777,14.3825,14.353,0.029500000000000526,0.2055,1491380.21,2177632.043
2020-02-06,000001.SZ,14.5594,14.6184,14.2645,14.5201,14.3825,0.13759999999999906,0.9567,1185815.72,1740107.625
2020-02-07,000001.SZ,14.353,14.4414,14.1662,14.3726,14.5201,-0.14749999999999908,-1.0158,924852.96,1345053.255
2020-02-10,000001.SZ,14.2645,14.2841,14.058,14.2547,14.3726,-0.11790000000000056,-0.8203,1339495.24,1931983.482
2020-02-11,000001.SZ,14.353,14.6872,14.3136,14.5397,14.2547,0.28500000000000014,1.9993,1407507.44,2077194.138
2020-02-12,000001.SZ,14.5397,14.5692,14.353,14.5201,14.5397,-0.019600000000000506,-0.1348,1070503.21,1573229.042
2020-02-13,000001.SZ,14.4611,14.6282,14.3628,14.4021,14.5201,-0.11799999999999855,-0.8127,1013205.28,1491327.713
2020-02-14,000001.SZ,14.5004,14.8838,14.4513,14.7757,14.4021,0.3735999999999997,2.5941,1512434.73,2253906.452
2020-02-17,000001.SZ,14.7855,15.1099,14.6774,15.1099,14.7757,0.33419999999999916,2.2618,1543696.01,2337993.586
2020-02-18,000001.SZ,15.0706,15.0706,14.756,14.9428,15.1099,-0.16709999999999958,-1.1059,973612.35,1478274.222
2020-02-19,000001.SZ,14.8445,15.1099,14.8248,14.9821,14.9428,0.03930000000000078,0.263,874106.93,1333730.218
2020-02-20,000001.SZ,15.0116,15.3557,14.8445,15.3262,14.9821,0.3440999999999992,2.2967,1235444.34,1897923.029
2020-02-21,000001.SZ,15.2279,15.454,15.1886,15.3164,15.3262,-0.009800000000000253,-0.0639,995071.02,1546692.93
2020-02-24,000001.SZ,15.1984,15.1984,14.8937,14.9723,15.3164,-0.3440999999999992,-2.2466,1191794.5,1820183.854
2020-02-25,000001.SZ,14.7462,14.874,14.5299,14.7855,14.9723,-0.18679999999999986,-1.2476,1144575.02,1710369.786
2020-02-26,000001.SZ,14.5201,15.0116,14.4513,14.7364,14.7855,-0.04910000000000103,-0.3321,1176599.15,1769612.245
2020-02-27,000001.SZ,14.7069,14.8937,14.6381,14.8543,14.7364,0.11790000000000056,0.8001,975270.9,1464605.739
2020-02-28,000001.SZ,14.5987,14.7855,14.2153,14.2547,14.8543,-0.5996000000000006,-4.0365,1300644.45,1906892.413
2020-03-02,000001.SZ,14.3038,14.697,14.2153,14.5397,14.2547,0.28500000000000014,1.9993,1116580.66,1647432.269
2020-03-03,000001.SZ,14.7069,14.7364,14.3825,14.4709,14.5397,-0.06879999999999953,-0.4732,1153584.32,1705816.271
2020-03-04,000001.SZ,14.4316,14.5299,14.2645,14.4414,14.4709,-0.029500000000000526,-0.2039,862595.23,1261123.063
2020-03-05,000001.SZ,14.5496,15.3754,14.4808,15.1296,14.4414,0.6882000000000001,4.7655,2686602.34,4089493.523
2020-03-06,000001.SZ,14.9231,15.0116,14.7659,14.7757,15.1296,-0.35389999999999944,-2.3391,1228531.03,1858691.259
2020-03-09,000001.SZ,14.4611,14.4808,14.176,14.2055,14.7757,-0.5701999999999998,-3.859,1665793.54,2420392.13
2020-03-10,000001.SZ,14.1367,14.5987,14.1367,14.5103,14.2055,0.3048000000000002,2.1456,1167864.97,1709084.565
2020-03-11,000001.SZ,14.5201,14.6282,14.3726,14.4414,14.5103,-0.06890000000000107,-0.4748,814381.64,1201250.682
2020-03-12,000001.SZ,14.4021,14.5889,14.2841,14.4316,14.4414,-0.009800000000000253,-0.0679,986497.11,1447436.641
2020-03-13,000001.SZ,13.6648,14.3333,13.6648,14.2743,14.4316,-0.15729999999999933,-1.09,1169765.8,1669009.835
2020-03-16,000001.SZ,14.2055,14.2153,13.5173,13.5173,14.2743,-0.7569999999999997,-5.3032,1406202.18,1975824.191
2020-03-17,000001.SZ,13.5173,13.7336,12.9078,13.1831,13.5173,-0.33420000000000094,-2.4724,1177849.06,1582506.075
2020-03-18,000001.SZ,13.1831,13.3207,12.436,12.4949,13.1831,-0.6882000000000001,-5.2203,1384784.37,1816836.893
2020-03-19,000001.SZ,12.4654,12.5244,11.7085,12.0231,12.4949,-0.4718,-3.7759,1891457.13,2313863.663
2020-03-20,000001.SZ,12.1902,12.4654,12.0526,12.3082,12.0231,0.2850999999999999,2.3713,1578352.96,1967487.818
2020-03-23,000001.SZ,11.797,12.141,11.7281,11.9444,12.3082,-0.36379999999999946,-2.9558,1071113.64,1300469.494
2020-03-24,000001.SZ,12.1902,12.4654,12.0624,12.3966,11.9444,0.4521999999999995,3.7859,1180200.26,1472909.399
2020-03-25,000001.SZ,12.6621,12.8488,12.4851,12.6522,12.3966,0.25560000000000116,2.0619,1136957.74,1467534.956
2020-03-26,000001.SZ,12.5638,13.1143,12.5048,12.839,12.6522,0.18679999999999986,1.4764,1075192.43,1408651.057
2020-03-27,000001.SZ,13.0258,13.1536,12.8587,12.9275,12.839,0.0884999999999998,0.6893,653018.88,861618.663
2020-03-30,000001.SZ,12.6326,12.8194,12.5441,12.721,12.9275,-0.20650000000000013,-1.5974,661738.79,852956.24
2020-03-31,000001.SZ,12.8292,12.8685,12.5638,12.5834,12.721,-0.13760000000000083,-1.0817,513370.3,662915.471
2020-04-01,000001.SZ,12.6424,12.9078,12.6031,12.6719,12.5834,0.08850000000000158,0.7033,520836.04,676070.117
2020-04-02,000001.SZ,12.5343,12.7505,12.4458,12.7505,12.6719,0.07859999999999978,0.6203,518365.04,663197.628
2020-04-03,000001.SZ,12.6031,12.6719,12.3376,12.3966,12.7505,-0.3539000000000012,-2.7756,825348.14,1047282.4
2020-04-07,000001.SZ,12.6719,12.721,12.5932,12.6621,12.3966,0.2655000000000012,2.1417,870313.71,1121200.115
2020-04-08,000001.SZ,12.6621,12.7014,12.5048,12.5638,12.6621,-0.09830000000000005,-0.7763,528716.14,676604.872
2020-04-09,000001.SZ,12.6621,12.6719,12.5048,12.5244,12.5638,-0.039400000000000546,-0.3136,408553.77,522027.888
2020-04-10,000001.SZ,12.5441,12.7604,12.436,12.5736,12.5244,0.0492000000000008,0.3928,666674.95,853689.95
2020-04-13,000001.SZ,12.4556,12.4949,12.259,12.377,12.5736,-0.1966000000000001,-1.5636,446214.4,562008.05
2020-04-14,000001.SZ,12.436,12.6424,12.3573,12.6424,12.377,0.26539999999999964,2.1443,686086.87,874856.562
2020-04-15,000001.SZ,12.6424,12.7112,12.5638,12.6522,12.6424,0.009800000000000253,0.0775,656396.4,843649.273
2020-04-16,000001.SZ,12.5736,12.5736,12.3278,12.4654,12.6522,-0.18679999999999986,-1.4764,789154.98,997623.816
2020-04-17,000001.SZ,12.5539,12.8194,12.436,12.6719,12.4654,0.20650000000000013,1.6566,1331164.77,1713215.766
2020-04-20,000001.SZ,12.6424,12.8292,12.5539,12.7702,12.6719,0.09830000000000005,0.7757,818455.83,1058524.019
2020-04-21,000001.SZ,13.075,13.4682,13.075,13.2224,12.7702,0.4521999999999995,3.5411,2122448.34,2861879.086
2020-04-22,000001.SZ,13.1438,13.1929,12.9373,13.0061,13.2224,-0.21630000000000038,-1.6359,1032802.74,1368222.854
2020-04-23,000001.SZ,13.0061,13.0848,12.8882,13.0061,13.0061,0.0,0.0,646989.63,855052.11
2020-04-24,000001.SZ,12.9472,13.0553,12.8882,13.016,13.0061,0.00990000000000002,0.0761,566001.61,747473.77
2020-04-27,000001.SZ,13.075,13.4092,13.0258,13.2716,13.016,0.2555999999999994,1.9637,936829.9,1263809.737
2020-04-28,000001.SZ,13.2224,13.3306,13.0455,13.2912,13.2716,0.019600000000000506,0.1477,771564.17,1038718.08
2020-04-29,000001.SZ,13.2519,13.8614,13.2224,13.7828,13.2912,0.49160000000000004,3.6987,1108722.39,1541638.203
2020-04-30,000001.SZ,13.7828,14.0777,13.6451,13.6943,13.7828,-0.0884999999999998,-0.6421,819540.43,1155968.238
2020-05-06,000001.SZ,13.5272,13.655,13.3797,13.537,13.6943,-0.15729999999999933,-1.1487,1008998.02,1382727.481
2020-05-07,000001.SZ,13.5272,13.5272,13.3699,13.4584,13.537,-0.07860000000000156,-0.5806,662749.23,904349.531
2020-05-08,000001.SZ,13.5272,13.7828,13.4485,13.714,13.4584,0.25560000000000116,1.8992,934781.7,1297924.588
2020-05-11,000001.SZ,13.6845,13.8909,13.6648,13.7631,13.714,0.049099999999999255,0.358,612862.29,859156.594
2020-05-12,000001.SZ,13.714,13.8123,13.4878,13.5567,13.7631,-0.20640000000000036,-1.4997,558511.14,772109.502
2020-05-13,000001.SZ,13.5173,13.5468,13.3011,13.3994,13.5567,-0.15729999999999933,-1.1603,640358.79,871062.043
2020-05-14,000001.SZ,13.3207,13.36,12.9963,13.075,13.3994,-0.3244000000000007,-2.421,944672.09,1259440.848
2020-05-15,000001.SZ,13.1634,13.2028,12.9177,13.0061,13.075,-0.0688999999999993,-0.527,756794.47,1004313.267
2020-05-18,000001.SZ,12.9766,13.1143,12.898,12.9766,13.0061,-0.029500000000000526,-0.2268,637208.57,843479.669
2020-05-19,000001.SZ,13.1831,13.2224,13.0455,13.1339,12.9766,0.1573000000000011,1.2122,600368.64,801755.671
2020-05-20,000001.SZ,13.1536,13.3895,13.0455,13.2814,13.1339,0.14749999999999908,1.123,690851.07,929928.885
2020-05-21,000001.SZ,13.2912,13.3404,13.1339,13.1733,13.2814,-0.10810000000000031,-0.8139,552312.0,742797.057
2020-05-22,000001.SZ,13.1044,13.1143,12.7014,12.7014,13.1733,-0.47189999999999976,-3.5822,856237.33,1119433.491
2020-05-25,000001.SZ,12.7505,12.7604,12.5441,12.7407,12.7014,0.03930000000000078,0.3094,410170.78,528769.352
2020-05-26,000001.SZ,12.7997,12.8488,12.721,12.8194,12.7407,0.07869999999999955,0.6177,396212.4,515451.849
2020-05-27,000001.SZ,12.8292,12.9668,12.7407,12.78,12.8194,-0.039400000000000546,-0.3073,482962.94,630305.864
2020-05-28,000001.SZ,12.87,13.18,12.81,13.07,12.78,0.2900000000000009,2.2692,960760.31,1255226.999
2020-05-29,000001.SZ,13.01,13.04,12.92,13.0,13.07,-0.07000000000000028,-0.5356,457808.22,594502.123
2020-06-01,000001.SZ,13.1,13.39,13.08,13.32,13.0,0.3200000000000003,2.4615,882960.55,1173619.006
2020-06-02,000001.SZ,13.29,13.63,13.28,13.55,13.32,0.23000000000000043,1.7267,883458.88,1194375.822
2020-06-03,000001.SZ,13.64,13.88,13.5,13.54,13.55,-0.010000000000001563,-0.0738,956803.08,1308782.294
2020-06-04,000001.SZ,13.53,13.64,13.41,13.57,13.54,0.030000000000001137,0.2216,583066.33,788707.63
2020-06-05,000001.SZ,13.6,13.62,13.43,13.59,13.57,0.019999999999999574,0.1474,383026.9,517232.135
2020-06-08,000001.SZ,13.68,13.85,13.58,13.62,13.59,0.02999999999999936,0.2208,585971.9,802115.792
2020-06-09,000001.SZ,13.64,13.73,13.53,13.67,13.62,0.05000000000000071,0.3671,474300.07,646895.834
2020-06-10,000001.SZ,13.71,13.71,13.4,13.49,13.67,-0.17999999999999972,-1.3168,580476.2,781995.749
2020-06-11,000001.SZ,13.38,13.39,13.0,13.08,13.49,-0.41000000000000014,-3.0393,1349039.82,1774199.978
2020-06-12,000001.SZ,12.9,13.02,12.87,12.99,13.08,-0.08999999999999986,-0.6881,1030550.57,1331618.728
2020-06-15,000001.SZ,12.85,12.97,12.8,12.82,12.99,-0.16999999999999993,-1.3087,660313.07,850767.506
2020-06-16,000001.SZ,12.9,12.99,12.86,12.89,12.82,0.07000000000000028,0.546,718059.1,927043.687
2020-06-17,000001.SZ,12.89,12.92,12.76,12.85,12.89,-0.040000000000000924,-0.3103,716468.24,918251.153
2020-06-18,000001.SZ,12.76,12.8,12.59,12.76,12.85,-0.08999999999999986,-0.7004,1119647.8,1419972.017
2020-06-19,000001.SZ,12.73,12.84,12.61,12.8,12.76,0.040000000000000924,0.3135,1539521.78,1954584.919
2020-06-22,000001.SZ,12.74,12.76,12.62,12.64,12.8,-0.16000000000000014,-1.25,1319079.79,1671023.278
2020-06-23,000001.SZ,12.65,12.69,12.52,12.6,12.64,-0.040000000000000924,-0.3165,990806.73,1248046.646
2020-06-24,000001.SZ,12.64,12.88,12.6,12.8,12.6,0.20000000000000107,1.5873,1523220.48,1946329.095
2020-06-29,000001.SZ,12.92,12.97,12.71,12.8,12.8,0.0,0.0,1038480.06,1330678.288
2020-06-30,000001.SZ,12.83,12.88,12.72,12.8,12.8,0.0,0.0,937940.22,1199181.601
2020-07-01,000001.SZ,12.79,13.15,12.74,13.12,12.8,0.3199999999999985,2.5,1697390.01,2202800.843
2020-07-02,000001.SZ,13.08,13.49,12.97,13.43,13.12,0.3100000000000005,2.3628,2590501.19,3433511.084
2020-07-03,000001.SZ,13.57,14.32,13.56,14.25,13.43,0.8200000000000003,6.1057,3768333.63,5280918.011
2020-07-06,000001.SZ,14.6,15.68,14.59,15.68,14.25,1.4299999999999997,10.0351,4711460.78,7168653.356
2020-07-07,000001.SZ,16.3,16.63,15.03,15.48,15.68,-0.1999999999999993,-1.2755,3964427.47,6267919.683
2020-07-08,000001.SZ,15.23,16.0,15.23,15.76,15.48,0.27999999999999936,1.8088,2631339.16,4095447.757
2020-07-09,000001.SZ,15.66,15.66,15.31,15.53,15.76,-0.23000000000000043,-1.4594,2243994.4,3469517.329
2020-07-10,000001.SZ,15.35,15.48,14.76,14.86,15.53,-0.6699999999999999,-4.3142,2158773.26,3254272.377
2020-07-13,000001.SZ,14.7,15.08,14.5,14.89,14.86,0.030000000000001137,0.2019,1937160.12,2871414.844
2020-07-14,000001.SZ,14.9,15.19,14.55,14.68,14.89,-0.21000000000000085,-1.4103,1953566.27,2891773.817
2020-07-15,000001.SZ,14.78,14.86,14.23,14.27,14.68,-0.41000000000000014,-2.7929,2042562.83,2947173.149
2020-07-16,000001.SZ,14.3,14.55,14.12,14.15,14.27,-0.11999999999999922,-0.8409,1930891.29,2771496.391
2020-07-17,000001.SZ,14.17,14.28,13.95,14.14,14.15,-0.009999999999999787,-0.0707,1291346.77,1821043.927
2020-07-20,000001.SZ,14.23,14.77,14.1,14.73,14.14,0.5899999999999999,4.1726,1979632.0,2872758.056
2020-07-21,000001.SZ,14.68,14.68,14.4,14.49,14.73,-0.2400000000000002,-1.6293,1252865.69,1815570.3
2020-07-22,000001.SZ,14.49,14.65,14.27,14.41,14.49,-0.08000000000000007,-0.5521,1312951.59,1895447.229
2020-07-23,000001.SZ,14.24,14.29,13.81,14.01,14.41,-0.40000000000000036,-2.7759,2027525.87,2838535.21
2020-07-24,000001.SZ,13.97,13.99,13.42,13.5,14.01,-0.5099999999999998,-3.6403,1830881.83,2504647.111
2020-07-27,000001.SZ,13.67,13.68,13.1,13.24,13.5,-0.2599999999999998,-1.9259,1880653.35,2497551.472
2020-07-28,000001.SZ,13.34,13.43,13.18,13.34,13.24,0.09999999999999964,0.7553,1217005.99,1618089.558
2020-07-29,000001.SZ,13.35,13.63,13.21,13.54,13.34,0.1999999999999993,1.4993,1519580.25,2043847.472
2020-07-30,000001.SZ,13.5,13.51,13.37,13.37,13.54,-0.16999999999999993,-1.2555,964067.63,1294444.933
2020-07-31,000001.SZ,13.28,13.53,13.25,13.34,13.37,-0.02999999999999936,-0.2244,1165821.91,1559068.291
2020-08-03,000001.SZ,13.47,13.62,13.43,13.59,13.34,0.25,1.8741,1445096.16,1954607.257
2020-08-04,000001.SZ,13.66,14.15,13.48,14.04,13.59,0.4499999999999993,3.3113,2445663.25,3388510.059
2020-08-05,000001.SZ,13.82,13.85,13.62,13.76,14.04,-0.27999999999999936,-1.9943,1440203.13,1980352.978
2020-08-06,000001.SZ,13.82,13.96,13.65,13.9,13.76,0.14000000000000057,1.0174,1352510.68,1868047.342
2020-08-07,000001.SZ,13.8,13.9,13.62,13.7,13.9,-0.20000000000000107,-1.4388,988678.37,1356305.781
2020-08-10,000001.SZ,13.67,14.02,13.62,13.95,13.7,0.25,1.8248,1587710.35,2208568.316
2020-08-11,000001.SZ,13.97,14.66,13.97,14.13,13.95,0.1800000000000015,1.2903,2603307.89,3748036.828
2020-08-12,000001.SZ,14.21,14.5,14.15,14.38,14.13,0.25,1.7693,1596811.7,2287731.088
2020-08-13,000001.SZ,14.4,14.46,14.14,14.18,14.38,-0.20000000000000107,-1.3908,837261.75,1190139.725
2020-08-14,000001.SZ,14.1,14.51,14.06,14.47,14.18,0.2900000000000009,2.0451,1103215.82,1578543.607
2020-08-17,000001.SZ,14.6,15.35,14.55,15.19,14.47,0.7199999999999989,4.9758,3268027.8,4923669.137
2020-08-18,000001.SZ,15.2,15.3,14.91,15.15,15.19,-0.03999999999999915,-0.2633,1350261.07,2033477.707
2020-08-19,000001.SZ,15.11,15.35,14.96,15.1,15.15,-0.05000000000000071,-0.33,1420928.11,2154215.097
2020-08-20,000001.SZ,15.01,15.14,14.53,14.59,15.1,-0.5099999999999998,-3.3775,1333801.62,1962605.013
2020-08-21,000001.SZ,14.71,14.71,14.32,14.45,14.59,-0.14000000000000057,-0.9596,1234517.33,1787278.581
2020-08-24,000001.SZ,14.5,14.71,14.41,14.46,14.45,0.010000000000001563,0.0692,919448.86,1338031.969
2020-08-25,000001.SZ,14.56,14.69,14.46,14.6,14.46,0.1399999999999988,0.9682,748320.22,1090756.854
2020-08-26,000001.SZ,14.6,14.61,14.28,14.37,14.6,-0.23000000000000043,-1.5753,734117.72,1057274.169
2020-08-27,000001.SZ,14.4,14.46,14.11,14.46,14.37,0.09000000000000163,0.6263,626666.77,895618.648
2020-08-28,000001.SZ,14.26,15.18,14.26,15.13,14.46,0.6699999999999999,4.6335,2410400.02,3599035.694
2020-08-31,000001.SZ,15.3,15.68,14.99,15.08,15.13,-0.05000000000000071,-0.3305,1797129.54,2760350.322
2020-09-01,000001.SZ,14.96,15.23,14.88,15.14,15.08,0.0600000000000005,0.3979,813642.58,1228342.741
2020-09-02,000001.SZ,15.01,15.53,15.01,15.32,15.14,0.17999999999999972,1.1889,1679382.97,2575966.637
2020-09-03,000001.SZ,15.32,15.33,14.84,14.9,15.32,-0.41999999999999993,-2.7415,1279841.59,1919266.726
2020-09-04,000001.SZ,14.73,15.06,14.6,14.96,14.9,0.0600000000000005,0.4027,909889.99,1353550.808
2020-09-07,000001.SZ,14.88,15.24,14.83,14.94,14.96,-0.02000000000000135,-0.1337,1031376.81,1551971.38
2020-09-08,000001.SZ,15.0,15.43,15.0,15.43,14.94,0.4900000000000002,3.2798,1407601.66,2154220.778
2020-09-09,000001.SZ,15.26,15.56,15.13,15.21,15.43,-0.21999999999999886,-1.4258,1013572.47,1554005.575
2020-09-10,000001.SZ,15.32,15.48,15.2,15.34,15.21,0.129999999999999,0.8547,957092.39,1469402.768
2020-09-11,000001.SZ,15.18,15.3,14.82,15.01,15.34,-0.33000000000000007,-2.1512,954236.25,1431844.02
2020-09-14,000001.SZ,15.01,15.3,14.92,15.3,15.01,0.2900000000000009,1.932,680251.05,1027508.108
2020-09-15,000001.SZ,15.2,15.48,15.15,15.35,15.3,0.049999999999998934,0.3268,657132.67,1007999.044
2020-09-16,000001.SZ,15.32,15.54,15.21,15.44,15.35,0.08999999999999986,0.5863,722414.75,1114667.832
2020-09-17,000001.SZ,15.54,15.72,15.4,15.57,15.44,0.13000000000000078,0.842,988215.63,1543414.501
2020-09-18,000001.SZ,15.62,16.09,15.52,16.07,15.57,0.5,3.2113,1373193.3,2186759.087
2020-09-21,000001.SZ,16.0,16.05,15.71,15.86,16.07,-0.21000000000000085,-1.3068,896161.65,1418370.973
2020-09-22,000001.SZ,15.67,15.84,15.39,15.57,15.86,-0.28999999999999915,-1.8285,867756.31,1354536.272
2020-09-23,000001.SZ,15.59,15.83,15.51,15.63,15.57,0.0600000000000005,0.3854,599200.47,939763.265
2020-09-24,000001.SZ,15.59,15.61,15.12,15.12,15.63,-0.5100000000000016,-3.263,1061011.24,1623376.2
2020-09-25,000001.SZ,15.2,15.31,15.11,15.19,15.12,0.07000000000000028,0.463,614087.0,933035.044
2020-09-28,000001.SZ,15.19,15.37,14.98,15.31,15.19,0.120000000000001,0.79,612711.11,932800.766
2020-09-29,000001.SZ,15.39,15.41,14.76,14.8,15.31,-0.5099999999999998,-3.3312,1182374.4,1766848.544
2020-09-30,000001.SZ,14.8,15.27,14.8,15.17,14.8,0.3699999999999992,2.5,1217064.82,1838547.595
2020-10-09,000001.SZ,15.3,15.55,15.13,15.18,15.17,0.009999999999999787,0.0659,900425.93,1376995.906
2020-10-12,000001.SZ,15.22,16.05,15.21,15.9,15.18,0.7200000000000006,4.7431,1591347.15,2509002.885
2020-10-13,000001.SZ,15.9,16.11,15.77,16.06,15.9,0.15999999999999837,1.0063,908819.48,1453986.337
2020-10-14,000001.SZ,16.04,16.12,15.8,16.03,16.06,-0.029999999999997584,-0.1868,662562.36,1057937.816
2020-10-15,000001.SZ,16.2,16.92,16.15,16.56,16.03,0.5299999999999976,3.3063,1600062.32,2654379.585
2020-10-16,000001.SZ,16.56,17.37,16.54,17.1,16.56,0.5400000000000027,3.2609,2095614.19,3589229.558
2020-10-19,000001.SZ,17.3,18.1,17.3,17.48,17.1,0.379999999999999,2.2222,2016105.52,3571336.006
2020-10-20,000001.SZ,17.48,17.6,17.25,17.54,17.48,0.05999999999999872,0.3432,960071.95,1673173.355
2020-10-21,000001.SZ,17.64,18.0,17.33,17.91,17.54,0.370000000000001,2.1095,1244560.18,2204040.364
2020-10-22,000001.SZ,17.94,18.5,17.3,17.56,17.91,-0.3500000000000014,-1.9542,1890519.05,3342069.01
2020-10-23,000001.SZ,17.53,18.78,17.53,18.13,17.56,0.5700000000000003,3.246,1698501.68,3105623.948
2020-10-26,000001.SZ,18.2,18.29,17.45,17.7,18.13,-0.4299999999999997,-2.3718,1175598.65,2085800.598
2020-10-27,000001.SZ,18.0,18.0,17.5,17.76,17.7,0.060000000000002274,0.339,1034865.04,1839243.224
2020-10-28,000001.SZ,17.76,17.9,17.29,17.63,17.76,-0.13000000000000256,-0.732,1205823.86,2125604.541
2020-10-29,000001.SZ,17.54,17.93,17.35,17.77,17.63,0.14000000000000057,0.7941,846603.62,1498040.947
2020-10-30,000001.SZ,17.74,18.36,17.6,17.75,17.77,-0.019999999999999574,-0.1125,1007803.83,1813064.343
2020-11-02,000001.SZ,17.65,18.05,17.33,17.63,17.75,-0.120000000000001,-0.6761,968452.77,1702741.437
2020-11-03,000001.SZ,17.71,18.34,17.7,17.96,17.63,0.33000000000000185,1.8718,957868.63,1727488.481
2020-11-04,000001.SZ,18.35,18.48,17.96,18.32,17.96,0.35999999999999943,2.0045,1247636.4,2275824.963
2020-11-05,000001.SZ,18.37,18.5,17.54,17.7,18.32,-0.620000000000001,-3.3843,1429469.44,2558562.453
2020-11-06,000001.SZ,17.71,17.75,17.22,17.64,17.7,-0.05999999999999872,-0.339,848781.53,1486492.208
2020-11-09,000001.SZ,17.67,18.0,17.54,17.84,17.64,0.1999999999999993,1.1338,951424.32,1688807.401
2020-11-10,000001.SZ,18.0,18.5,17.93,18.11,17.84,0.2699999999999996,1.5135,1021062.81,1854142.808
2020-11-11,000001.SZ,18.2,18.3,17.6,17.81,18.11,-0.3000000000000007,-1.6565,940130.07,1677811.478
2020-11-12,000001.SZ,17.81,17.94,17.45,17.66,17.81,-0.14999999999999858,-0.8422,677258.48,1197284.181
2020-11-13,000001.SZ,17.42,17.47,16.69,17.18,17.66,-0.4800000000000004,-2.718,1289189.23,2191492.021
2020-11-16,000001.SZ,17.08,17.43,16.9,17.37,17.18,0.19000000000000128,1.1059,759856.93,1308190.459
2020-11-17,000001.SZ,17.38,17.93,17.25,17.83,17.37,0.4599999999999973,2.6482,852930.51,1509511.577
2020-11-18,000001.SZ,17.78,18.5,17.75,18.46,17.83,0.6300000000000026,3.5334,1373400.72,2508632.642
2020-11-19,000001.SZ,18.59,18.98,18.3,18.85,18.46,0.39000000000000057,2.1127,1211740.62,2270476.474
2020-11-20,000001.SZ,18.83,18.99,18.52,18.86,18.85,0.00999999999999801,0.0531,673919.22,1265262.915
2020-11-23,000001.SZ,18.85,19.62,18.8,19.62,18.86,0.7600000000000016,4.0297,1165858.26,2252290.578
2020-11-24,000001.SZ,19.62,19.68,19.17,19.36,19.62,-0.26000000000000156,-1.3252,678543.23,1313496.136
2020-11-25,000001.SZ,19.48,19.7,19.05,19.06,19.36,-0.3000000000000007,-1.5496,552585.01,1068352.014
2020-11-26,000001.SZ,19.05,19.61,19.03,19.5,19.06,0.4400000000000013,2.3085,639657.89,1240074.378
2020-11-27,000001.SZ,20.0,20.0,19.38,19.7,19.5,0.1999999999999993,1.0256,753773.74,1479430.635
2020-11-30,000001.SZ,19.9,20.88,19.59,19.74,19.7,0.03999999999999915,0.203,1581441.28,3213680.47
2020-12-01,000001.SZ,19.7,20.51,19.4,20.05,19.74,0.3100000000000023,1.5704,1263719.75,2516010.782
2020-12-02,000001.SZ,19.93,20.06,19.52,19.63,20.05,-0.4200000000000017,-2.0948,889385.29,1758639.187
2020-12-03,000001.SZ,19.78,19.86,19.17,19.54,19.63,-0.08999999999999986,-0.4585,714452.3,1393085.02
2020-12-04,000001.SZ,19.47,19.47,18.97,19.3,19.54,-0.23999999999999844,-1.2282,891347.84,1707639.065
2020-12-07,000001.SZ,19.31,19.39,18.68,18.91,19.3,-0.39000000000000057,-2.0207,873806.61,1655173.465
2020-12-08,000001.SZ,18.92,19.03,18.53,18.71,18.91,-0.1999999999999993,-1.0576,719647.51,1345951.734
2020-12-09,000001.SZ,18.79,19.05,18.68,18.71,18.71,0.0,0.0,677221.15,1277484.44
2020-12-10,000001.SZ,18.73,18.88,18.45,18.65,18.71,-0.060000000000002274,-0.3207,607866.55,1130916.254
2020-12-11,000001.SZ,18.71,18.8,18.22,18.52,18.65,-0.129999999999999,-0.6971,887793.87,1642392.314
2020-12-14,000001.SZ,18.6,19.06,18.5,18.88,18.52,0.35999999999999943,1.9438,835991.74,1575396.008
2020-12-15,000001.SZ,18.8,18.85,18.15,18.74,18.88,-0.14000000000000057,-0.7415,788857.94,1458268.62
2020-12-16,000001.SZ,18.8,19.1,18.58,19.01,18.74,0.2700000000000031,1.4408,689070.42,1302133.815
2020-12-17,000001.SZ,18.91,19.07,18.6,18.95,19.01,-0.060000000000002274,-0.3156,686140.69,1294658.299
2020-12-18,000001.SZ,19.0,19.1,18.23,18.36,18.95,-0.5899999999999999,-3.1135,1058756.36,1959764.074
2020-12-21,000001.SZ,18.3,18.64,18.03,18.28,18.36,-0.0799999999999983,-0.4357,906878.11,1662649.81
2020-12-22,000001.SZ,18.36,18.65,17.88,17.9,18.28,-0.38000000000000256,-2.0788,1028737.51,1873638.734
2020-12-23,000001.SZ,17.96,18.07,17.79,18.0,17.9,0.10000000000000142,0.5587,750082.73,1345650.736
2020-12-24,000001.SZ,18.15,18.49,18.05,18.26,18.0,0.26000000000000156,1.4444,632950.12,1155767.283
2020-12-25,000001.SZ,18.26,18.26,17.8,18.04,18.26,-0.22000000000000242,-1.2048,577077.33,1038128.197
2020-12-28,000001.SZ,18.02,18.86,17.96,18.85,18.04,0.8100000000000023,4.49,1270337.06,2352947.321
2020-12-29,000001.SZ,18.87,19.3,18.7,19.17,18.85,0.3200000000000003,1.6976,963092.23,1837947.238
2020-12-30,000001.SZ,19.0,19.2,18.72,19.2,19.17,0.029999999999997584,0.1565,978497.78,1854082.812
2020-12-31,000001.SZ,19.21,19.58,19.02,19.34,19.2,0.14000000000000057,0.7292,924503.43,1781736.285
2021-01-04,000001.SZ,19.1,19.1,18.44,18.6,19.34,-0.7399999999999984,-3.8263,1554216.43,2891682.312
2021-01-05,000001.SZ,18.4,18.48,17.8,18.17,18.6,-0.4299999999999997,-2.3118,1821352.1,3284606.913
2021-01-06,000001.SZ,18.08,19.56,18.0,19.56,18.17,1.389999999999997,7.65,1934945.12,3648521.909
2021-01-07,000001.SZ,19.52,19.98,19.23,19.9,19.56,0.33999999999999986,1.7382,1584185.3,3111274.625
2021-01-08,000001.SZ,19.9,20.1,19.31,19.85,19.9,-0.04999999999999716,-0.2513,1195473.22,2348316.363
2021-01-11,000001.SZ,20.0,20.64,20.0,20.38,19.85,0.5299999999999976,2.67,1790457.14,3652546.646
2021-01-12,000001.SZ,20.39,21.0,20.18,21.0,20.38,0.620000000000001,3.0422,1288165.5,2657687.44
2021-01-13,000001.SZ,21.0,21.01,20.4,20.7,21.0,-0.3000000000000007,-1.4286,1049119.73,2161849.708
2021-01-14,000001.SZ,20.68,20.89,19.95,20.17,20.7,-0.5299999999999976,-2.5604,1130155.62,2306404.546
2021-01-15,000001.SZ,21.0,21.95,20.82,21.0,20.17,0.8299999999999983,4.115,2480688.98,5311218.074
2021-01-18,000001.SZ,21.2,22.78,21.2,22.7,21.0,1.6999999999999993,8.0952,2157301.78,4792909.447
2021-01-19,000001.SZ,22.51,22.84,22.05,22.34,22.7,-0.35999999999999943,-1.5859,1242088.34,2790056.611
2021-01-20,000001.SZ,22.15,22.97,22.12,22.47,22.34,0.129999999999999,0.5819,1280793.16,2889249.85
2021-01-21,000001.SZ,22.5,22.8,22.15,22.23,22.47,-0.23999999999999844,-1.0681,944778.6,2114252.731
2021-01-22,000001.SZ,22.23,22.23,21.51,22.03,22.23,-0.1999999999999993,-0.8997,924434.42,2025834.761
2021-01-25,000001.SZ,21.72,22.6,21.43,22.49,22.03,0.4599999999999973,2.0881,1028365.27,2269032.82
2021-01-26,000001.SZ,22.3,23.32,22.3,22.37,22.49,-0.11999999999999744,-0.5336,1126720.55,2558575.511
2021-01-27,000001.SZ,22.31,23.47,22.31,23.08,22.37,0.7099999999999973,3.1739,1294152.72,2976800.955
2021-01-28,000001.SZ,22.78,23.18,22.45,22.81,23.08,-0.2699999999999996,-1.1698,857476.96,1948881.146
2021-01-29,000001.SZ,22.81,23.54,22.71,23.09,22.81,0.28000000000000114,1.2275,1240258.41,2864101.419
2021-02-01,000001.SZ,23.0,24.99,22.7,24.55,23.09,1.4600000000000009,6.3231,1475239.3,3529556.986
2021-02-02,000001.SZ,23.38,24.1,22.91,23.28,24.55,-1.2699999999999996,-5.1731,2416168.77,5679179.941
2021-02-03,000001.SZ,23.48,25.18,23.38,24.95,23.28,1.6699999999999982,7.1735,1923271.59,4690176.486
2021-02-04,000001.SZ,24.18,25.24,24.04,24.6,24.95,-0.34999999999999787,-1.4028,1255247.5,3084553.75
2021-02-05,000001.SZ,24.6,25.31,24.27,24.93,24.6,0.3299999999999983,1.3415,1015575.59,2517804.159
2021-02-08,000001.SZ,24.9,24.9,24.1,24.8,24.93,-0.129999999999999,-0.5215,1084264.67,2650948.251
2021-02-09,000001.SZ,24.79,24.84,24.17,24.58,24.8,-0.22000000000000242,-0.8871,942093.55,2302978.158
2021-02-10,000001.SZ,24.6,24.96,23.38,23.82,24.58,-0.759999999999998,-3.0919,1918867.1,4569741.959
2021-02-18,000001.SZ,24.0,24.55,23.48,24.3,23.82,0.4800000000000004,2.0151,1505230.81,3619387.651
2021-02-19,000001.SZ,23.96,24.19,23.57,23.85,24.3,-0.4499999999999993,-1.8519,922583.14,2197558.286
2021-02-22,000001.SZ,23.8,23.8,22.26,22.38,23.85,-1.4700000000000024,-6.1635,1956842.48,4445818.547
2021-02-23,000001.SZ,22.38,22.68,21.82,21.93,22.38,-0.4499999999999993,-2.0107,1870460.13,4160776.611
2021-02-24,000001.SZ,22.27,22.28,21.56,22.16,21.93,0.23000000000000043,1.0488,1428499.85,3144209.051
2021-02-25,000001.SZ,22.4,22.56,21.68,22.09,22.16,-0.07000000000000028,-0.3159,1593403.47,3524600.794
2021-02-26,000001.SZ,21.6,21.96,21.21,21.38,22.09,-0.7100000000000009,-3.2141,1124977.3,2424653.753
2021-03-01,000001.SZ,21.54,21.68,21.18,21.45,21.38,0.07000000000000028,0.3274,1125386.53,2408050.906
2021-03-02,000001.SZ,21.62,22.15,21.26,21.65,21.45,0.1999999999999993,0.9324,1473425.05,3196536.981
2021-03-03,000001.SZ,21.58,23.08,21.46,23.01,21.65,1.360000000000003,6.2818,1919635.27,4320024.431
2021-03-04,000001.SZ,22.77,23.49,22.65,22.92,23.01,-0.08999999999999986,-0.3911,1213579.37,2799747.146
2021-03-05,000001.SZ,22.7,22.98,21.86,22.34,22.92,-0.5800000000000018,-2.5305,880171.41,1960439.115
2021-03-08,000001.SZ,22.44,22.69,21.48,21.6,22.34,-0.7399999999999984,-3.3124,993773.97,2189190.957
2021-03-09,000001.SZ,21.68,21.92,20.58,20.85,21.6,-0.75,-3.4722,1361895.33,2882931.927
2021-03-10,000001.SZ,20.84,20.91,20.28,20.4,20.85,-0.45000000000000284,-2.1583,1149416.57,2356185.003
2021-03-11,000001.SZ,20.58,21.38,20.56,21.27,20.4,0.870000000000001,4.2647,1048659.39,2213107.787
2021-03-12,000001.SZ,21.37,21.7,21.2,21.48,21.27,0.21000000000000085,0.9873,697200.6,1494219.075
2021-03-15,000001.SZ,21.4,22.12,21.11,21.6,21.48,0.120000000000001,0.5587,958748.7,2077984.893
2021-03-16,000001.SZ,21.6,22.11,21.27,21.66,21.6,0.05999999999999872,0.2778,939684.32,2038470.66
2021-03-17,000001.SZ,21.45,21.55,20.9,21.2,21.66,-0.46000000000000085,-2.1237,821488.65,1738185.857
2021-03-18,000001.SZ,21.3,21.73,21.0,21.73,21.2,0.5300000000000011,2.5,691610.19,1483801.548
2021-03-19,000001.SZ,21.53,21.65,20.37,20.47,21.73,-1.2600000000000016,-5.7984,1525622.27,3159181.042
2021-03-22,000001.SZ,20.55,21.55,20.53,21.55,20.47,1.0800000000000018,5.276,1451190.08,3087549.484
2021-03-23,000001.SZ,21.57,21.65,20.96,21.23,21.55,-0.3200000000000003,-1.4849,682903.38,1448043.613
2021-03-24,000001.SZ,21.21,21.28,20.45,20.53,21.23,-0.6999999999999993,-3.2972,850085.07,1757688.572
2021-03-25,000001.SZ,20.58,20.83,20.4,20.75,20.53,0.21999999999999886,1.0716,492665.74,1017166.048
2021-03-26,000001.SZ,20.84,21.4,20.76,21.14,20.75,0.39000000000000057,1.8795,822108.06,1733412.579
2021-03-29,000001.SZ,21.28,21.65,21.2,21.49,21.14,0.34999999999999787,1.6556,785666.68,1684397.866
2021-03-30,000001.SZ,21.38,21.93,21.21,21.93,21.49,0.4400000000000013,2.0475,738654.81,1601238.499
2021-03-31,000001.SZ,21.77,22.07,21.6,22.01,21.93,0.08000000000000185,0.3648,777028.07,1699922.183
2021-04-01,000001.SZ,22.08,22.11,21.5,21.78,22.01,-0.23000000000000043,-1.045,544448.98,1183868.023
2021-04-02,000001.SZ,21.7,21.73,21.36,21.5,21.78,-0.28000000000000114,-1.2856,581083.52,1249405.387
2021-04-06,000001.SZ,21.55,22.09,21.51,21.68,21.5,0.17999999999999972,0.8372,401102.82,873387.016
2021-04-07,000001.SZ,21.88,21.93,21.31,21.64,21.68,-0.03999999999999915,-0.1845,517604.59,1116774.452
2021-04-08,000001.SZ,21.46,21.73,21.33,21.56,21.64,-0.08000000000000185,-0.3697,383029.5,825170.84
2021-04-09,000001.SZ,21.71,21.72,21.08,21.3,21.56,-0.259999999999998,-1.2059,398960.28,849870.878
